location,country_code,species,lat,long,alt,year,bloom_date,bloom_doy,source_file
vancouver,CA,Prunus x yedoensis,49.2237,-123.1636,24.0,2022,2022-03-27,86,vancouver.csv
vancouver,CA,Prunus x yedoensis,49.2237,-123.1636,24.0,2023,2023-04-07,96,vancouver.csv
vancouver,CA,Prunus x yedoensis,49.2237,-123.1636,24.0,2024,2024-03-23,83,vancouver.csv
vancouver,CA,Prunus x yedoensis,49.2237,-123.1636,24.0,2025,2025-04-03,93,vancouver.csv
liestal,CH,Prunus avium,47.4814,7.730519,350.0,1894,1894-04-16,106,liestal.csv
liestal,CH,Prunus avium,47.4814,7.730519,350.0,1895,1895-04-17,107,liestal.csv
liestal,CH,Prunus avium,47.4814,7.730519,350.0,1896,1896-04-16,107,liestal.csv
liestal,CH,Prunus avium,47.4814,7.730519,350.0,1897,1897-03-27,86,liestal.csv
liestal,CH,Prunus avium,47.4814,7.730519,350.0,1898,1898-04-16,106,liestal.csv
liestal,CH,Prunus avium,47.4814,7.730519,350.0,1899,1899-04-03,93,liestal.csv
liestal,CH,Prunus avium,47.4814,7.730519,350.0,1900,1900-04-23,114,liestal.csv
liestal,CH,Prunus avium,47.4814,7.730519,350.0,1901,1901-04-23,113,liestal.csv
liestal,CH,Prunus avium,47.4814,7.730519,350.0,1902,1902-04-12,102,liestal.csv
liestal,CH,Prunus avium,47.4814,7.730519,350.0,1903,1903-03-27,86,liestal.csv
liestal,CH,Prunus avium,47.4814,7.730519,350.0,1904,1904-04-13,104,liestal.csv
liestal,CH,Prunus avium,47.4814,7.730519,350.0,1905,1905-04-12,102,liestal.csv
liestal,CH,Prunus avium,47.4814,7.730519,350.0,1906,1906-04-13,103,liestal.csv
liestal,CH,Prunus avium,47.4814,7.730519,350.0,1907,1907-04-15,105,liestal.csv
liestal,CH,Prunus avium,47.4814,7.730519,350.0,1908,1908-04-28,119,liestal.csv
liestal,CH,Prunus avium,47.4814,7.730519,350.0,1909,1909-04-19,109,liestal.csv
liestal,CH,Prunus avium,47.4814,7.730519,350.0,1910,1910-04-15,105,liestal.csv
liestal,CH,Prunus avium,47.4814,7.730519,350.0,1911,1911-04-17,107,liestal.csv
liestal,CH,Prunus avium,47.4814,7.730519,350.0,1912,1912-03-26,86,liestal.csv
liestal,CH,Prunus avium,47.4814,7.730519,350.0,1913,1913-03-31,90,liestal.csv
liestal,CH,Prunus avium,47.4814,7.730519,350.0,1914,1914-04-09,99,liestal.csv
liestal,CH,Prunus avium,47.4814,7.730519,350.0,1915,1915-04-27,117,liestal.csv
liestal,CH,Prunus avium,47.4814,7.730519,350.0,1916,1916-04-06,97,liestal.csv
liestal,CH,Prunus avium,47.4814,7.730519,350.0,1917,1917-05-04,124,liestal.csv
liestal,CH,Prunus avium,47.4814,7.730519,350.0,1918,1918-04-13,103,liestal.csv
liestal,CH,Prunus avium,47.4814,7.730519,350.0,1919,1919-04-22,112,liestal.csv
liestal,CH,Prunus avium,47.4814,7.730519,350.0,1920,1920-03-30,90,liestal.csv
liestal,CH,Prunus avium,47.4814,7.730519,350.0,1921,1921-04-02,92,liestal.csv
liestal,CH,Prunus avium,47.4814,7.730519,350.0,1922,1922-04-21,111,liestal.csv
liestal,CH,Prunus avium,47.4814,7.730519,350.0,1923,1923-04-08,98,liestal.csv
liestal,CH,Prunus avium,47.4814,7.730519,350.0,1924,1924-04-24,115,liestal.csv
liestal,CH,Prunus avium,47.4814,7.730519,350.0,1925,1925-04-14,104,liestal.csv
liestal,CH,Prunus avium,47.4814,7.730519,350.0,1926,1926-04-09,99,liestal.csv
liestal,CH,Prunus avium,47.4814,7.730519,350.0,1927,1927-04-18,108,liestal.csv
liestal,CH,Prunus avium,47.4814,7.730519,350.0,1928,1928-04-14,105,liestal.csv
liestal,CH,Prunus avium,47.4814,7.730519,350.0,1929,1929-05-02,122,liestal.csv
liestal,CH,Prunus avium,47.4814,7.730519,350.0,1930,1930-04-19,109,liestal.csv
liestal,CH,Prunus avium,47.4814,7.730519,350.0,1931,1931-04-26,116,liestal.csv
liestal,CH,Prunus avium,47.4814,7.730519,350.0,1932,1932-04-29,120,liestal.csv
liestal,CH,Prunus avium,47.4814,7.730519,350.0,1933,1933-04-22,112,liestal.csv
liestal,CH,Prunus avium,47.4814,7.730519,350.0,1934,1934-04-16,106,liestal.csv
liestal,CH,Prunus avium,47.4814,7.730519,350.0,1935,1935-04-16,106,liestal.csv
liestal,CH,Prunus avium,47.4814,7.730519,350.0,1936,1936-04-09,100,liestal.csv
liestal,CH,Prunus avium,47.4814,7.730519,350.0,1937,1937-04-11,101,liestal.csv
liestal,CH,Prunus avium,47.4814,7.730519,350.0,1938,1938-04-01,91,liestal.csv
liestal,CH,Prunus avium,47.4814,7.730519,350.0,1939,1939-04-15,105,liestal.csv
liestal,CH,Prunus avium,47.4814,7.730519,350.0,1940,1940-04-21,112,liestal.csv
liestal,CH,Prunus avium,47.4814,7.730519,350.0,1941,1941-04-26,116,liestal.csv
liestal,CH,Prunus avium,47.4814,7.730519,350.0,1942,1942-04-24,114,liestal.csv
liestal,CH,Prunus avium,47.4814,7.730519,350.0,1943,1943-04-12,102,liestal.csv
liestal,CH,Prunus avium,47.4814,7.730519,350.0,1944,1944-04-18,109,liestal.csv
liestal,CH,Prunus avium,47.4814,7.730519,350.0,1945,1945-04-02,92,liestal.csv
liestal,CH,Prunus avium,47.4814,7.730519,350.0,1946,1946-04-06,96,liestal.csv
liestal,CH,Prunus avium,47.4814,7.730519,350.0,1947,1947-04-17,107,liestal.csv
liestal,CH,Prunus avium,47.4814,7.730519,350.0,1948,1948-03-28,88,liestal.csv
liestal,CH,Prunus avium,47.4814,7.730519,350.0,1949,1949-04-17,107,liestal.csv
liestal,CH,Prunus avium,47.4814,7.730519,350.0,1950,1950-04-10,100,liestal.csv
liestal,CH,Prunus avium,47.4814,7.730519,350.0,1951,1951-04-18,108,liestal.csv
liestal,CH,Prunus avium,47.4814,7.730519,350.0,1952,1952-04-11,102,liestal.csv
liestal,CH,Prunus avium,47.4814,7.730519,350.0,1953,1953-04-06,96,liestal.csv
liestal,CH,Prunus avium,47.4814,7.730519,350.0,1954,1954-04-26,116,liestal.csv
liestal,CH,Prunus avium,47.4814,7.730519,350.0,1955,1955-04-26,116,liestal.csv
liestal,CH,Prunus avium,47.4814,7.730519,350.0,1956,1956-04-27,118,liestal.csv
liestal,CH,Prunus avium,47.4814,7.730519,350.0,1957,1957-03-25,84,liestal.csv
liestal,CH,Prunus avium,47.4814,7.730519,350.0,1958,1958-04-25,115,liestal.csv
liestal,CH,Prunus avium,47.4814,7.730519,350.0,1959,1959-04-02,92,liestal.csv
liestal,CH,Prunus avium,47.4814,7.730519,350.0,1960,1960-04-03,94,liestal.csv
liestal,CH,Prunus avium,47.4814,7.730519,350.0,1961,1961-03-20,79,liestal.csv
liestal,CH,Prunus avium,47.4814,7.730519,350.0,1962,1962-04-25,115,liestal.csv
liestal,CH,Prunus avium,47.4814,7.730519,350.0,1963,1963-04-24,114,liestal.csv
liestal,CH,Prunus avium,47.4814,7.730519,350.0,1964,1964-04-16,107,liestal.csv
liestal,CH,Prunus avium,47.4814,7.730519,350.0,1965,1965-04-12,102,liestal.csv
liestal,CH,Prunus avium,47.4814,7.730519,350.0,1966,1966-04-08,98,liestal.csv
liestal,CH,Prunus avium,47.4814,7.730519,350.0,1967,1967-04-04,94,liestal.csv
liestal,CH,Prunus avium,47.4814,7.730519,350.0,1968,1968-04-12,103,liestal.csv
liestal,CH,Prunus avium,47.4814,7.730519,350.0,1969,1969-04-23,113,liestal.csv
liestal,CH,Prunus avium,47.4814,7.730519,350.0,1970,1970-04-24,114,liestal.csv
liestal,CH,Prunus avium,47.4814,7.730519,350.0,1971,1971-04-17,107,liestal.csv
liestal,CH,Prunus avium,47.4814,7.730519,350.0,1972,1972-04-06,97,liestal.csv
liestal,CH,Prunus avium,47.4814,7.730519,350.0,1973,1973-04-29,119,liestal.csv
liestal,CH,Prunus avium,47.4814,7.730519,350.0,1974,1974-04-02,92,liestal.csv
liestal,CH,Prunus avium,47.4814,7.730519,350.0,1975,1975-04-18,108,liestal.csv
liestal,CH,Prunus avium,47.4814,7.730519,350.0,1976,1976-04-11,102,liestal.csv
liestal,CH,Prunus avium,47.4814,7.730519,350.0,1977,1977-03-21,80,liestal.csv
liestal,CH,Prunus avium,47.4814,7.730519,350.0,1978,1978-04-18,108,liestal.csv
liestal,CH,Prunus avium,47.4814,7.730519,350.0,1979,1979-04-15,105,liestal.csv
liestal,CH,Prunus avium,47.4814,7.730519,350.0,1980,1980-04-13,104,liestal.csv
liestal,CH,Prunus avium,47.4814,7.730519,350.0,1981,1981-04-02,92,liestal.csv
liestal,CH,Prunus avium,47.4814,7.730519,350.0,1982,1982-04-18,108,liestal.csv
liestal,CH,Prunus avium,47.4814,7.730519,350.0,1983,1983-04-11,101,liestal.csv
liestal,CH,Prunus avium,47.4814,7.730519,350.0,1984,1984-04-19,110,liestal.csv
liestal,CH,Prunus avium,47.4814,7.730519,350.0,1985,1985-04-16,106,liestal.csv
liestal,CH,Prunus avium,47.4814,7.730519,350.0,1986,1986-05-01,121,liestal.csv
liestal,CH,Prunus avium,47.4814,7.730519,350.0,1987,1987-04-22,112,liestal.csv
liestal,CH,Prunus avium,47.4814,7.730519,350.0,1988,1988-04-17,108,liestal.csv
liestal,CH,Prunus avium,47.4814,7.730519,350.0,1989,1989-03-28,87,liestal.csv
liestal,CH,Prunus avium,47.4814,7.730519,350.0,1990,1990-03-16,75,liestal.csv
liestal,CH,Prunus avium,47.4814,7.730519,350.0,1991,1991-04-04,94,liestal.csv
liestal,CH,Prunus avium,47.4814,7.730519,350.0,1992,1992-04-11,102,liestal.csv
liestal,CH,Prunus avium,47.4814,7.730519,350.0,1993,1993-04-11,101,liestal.csv
liestal,CH,Prunus avium,47.4814,7.730519,350.0,1994,1994-03-23,82,liestal.csv
liestal,CH,Prunus avium,47.4814,7.730519,350.0,1995,1995-04-03,93,liestal.csv
liestal,CH,Prunus avium,47.4814,7.730519,350.0,1996,1996-04-18,109,liestal.csv
liestal,CH,Prunus avium,47.4814,7.730519,350.0,1997,1997-03-22,81,liestal.csv
liestal,CH,Prunus avium,47.4814,7.730519,350.0,1998,1998-03-31,90,liestal.csv
liestal,CH,Prunus avium,47.4814,7.730519,350.0,1999,1999-04-04,94,liestal.csv
liestal,CH,Prunus avium,47.4814,7.730519,350.0,2000,2000-04-01,92,liestal.csv
liestal,CH,Prunus avium,47.4814,7.730519,350.0,2001,2001-03-30,89,liestal.csv
liestal,CH,Prunus avium,47.4814,7.730519,350.0,2002,2002-03-18,77,liestal.csv
liestal,CH,Prunus avium,47.4814,7.730519,350.0,2003,2003-04-02,92,liestal.csv
liestal,CH,Prunus avium,47.4814,7.730519,350.0,2004,2004-04-01,92,liestal.csv
liestal,CH,Prunus avium,47.4814,7.730519,350.0,2005,2005-04-05,95,liestal.csv
liestal,CH,Prunus avium,47.4814,7.730519,350.0,2006,2006-04-21,111,liestal.csv
liestal,CH,Prunus avium,47.4814,7.730519,350.0,2007,2007-04-04,94,liestal.csv
liestal,CH,Prunus avium,47.4814,7.730519,350.0,2008,2008-03-29,89,liestal.csv
liestal,CH,Prunus avium,47.4814,7.730519,350.0,2009,2009-04-10,100,liestal.csv
liestal,CH,Prunus avium,47.4814,7.730519,350.0,2010,2010-04-08,98,liestal.csv
liestal,CH,Prunus avium,47.4814,7.730519,350.0,2011,2011-03-31,90,liestal.csv
liestal,CH,Prunus avium,47.4814,7.730519,350.0,2012,2012-04-02,93,liestal.csv
liestal,CH,Prunus avium,47.4814,7.730519,350.0,2013,2013-04-17,107,liestal.csv
liestal,CH,Prunus avium,47.4814,7.730519,350.0,2014,2014-03-25,84,liestal.csv
liestal,CH,Prunus avium,47.4814,7.730519,350.0,2015,2015-04-11,101,liestal.csv
liestal,CH,Prunus avium,47.4814,7.730519,350.0,2016,2016-04-06,97,liestal.csv
liestal,CH,Prunus avium,47.4814,7.730519,350.0,2017,2017-03-26,85,liestal.csv
liestal,CH,Prunus avium,47.4814,7.730519,350.0,2018,2018-04-08,98,liestal.csv
liestal,CH,Prunus avium,47.4814,7.730519,350.0,2019,2019-03-27,86,liestal.csv
liestal,CH,Prunus avium,47.4814,7.730519,350.0,2020,2020-03-17,77,liestal.csv
liestal,CH,Prunus avium,47.4814,7.730519,350.0,2021,2021-03-28,87,liestal.csv
liestal,CH,Prunus avium,47.4814,7.730519,350.0,2022,2022-03-26,85,liestal.csv
liestal,CH,Prunus avium,47.4814,7.730519,350.0,2023,2023-03-29,88,liestal.csv
liestal,CH,Prunus avium,47.4814,7.730519,350.0,2024,2024-03-20,80,liestal.csv
liestal,CH,Prunus avium,47.4814,7.730519,350.0,2025,2025-03-27,86,liestal.csv
kyoto,JP,Prunus x jamasakura,35.0119831,135.6761135,44.0,812,0812-04-01,92,kyoto.csv
kyoto,JP,Prunus x jamasakura,35.0119831,135.6761135,44.0,815,0815-04-15,105,kyoto.csv
kyoto,JP,Prunus x jamasakura,35.0119831,135.6761135,44.0,831,0831-04-06,96,kyoto.csv
kyoto,JP,Prunus x jamasakura,35.0119831,135.6761135,44.0,851,0851-04-18,108,kyoto.csv
kyoto,JP,Prunus x jamasakura,35.0119831,135.6761135,44.0,853,0853-04-14,104,kyoto.csv
kyoto,JP,Prunus x jamasakura,35.0119831,135.6761135,44.0,864,0864-04-09,100,kyoto.csv
kyoto,JP,Prunus x jamasakura,35.0119831,135.6761135,44.0,866,0866-04-16,106,kyoto.csv
kyoto,JP,Prunus x jamasakura,35.0119831,135.6761135,44.0,869,0869-04-05,95,kyoto.csv
kyoto,JP,Prunus x jamasakura,35.0119831,135.6761135,44.0,889,0889-04-14,104,kyoto.csv
kyoto,JP,Prunus x jamasakura,35.0119831,135.6761135,44.0,891,0891-04-19,109,kyoto.csv
kyoto,JP,Prunus x jamasakura,35.0119831,135.6761135,44.0,892,0892-04-17,108,kyoto.csv
kyoto,JP,Prunus x jamasakura,35.0119831,135.6761135,44.0,894,0894-04-16,106,kyoto.csv
kyoto,JP,Prunus x jamasakura,35.0119831,135.6761135,44.0,895,0895-04-14,104,kyoto.csv
kyoto,JP,Prunus x jamasakura,35.0119831,135.6761135,44.0,896,0896-04-13,104,kyoto.csv
kyoto,JP,Prunus x jamasakura,35.0119831,135.6761135,44.0,902,0902-04-12,102,kyoto.csv
kyoto,JP,Prunus x jamasakura,35.0119831,135.6761135,44.0,908,0908-04-07,98,kyoto.csv
kyoto,JP,Prunus x jamasakura,35.0119831,135.6761135,44.0,912,0912-04-04,95,kyoto.csv
kyoto,JP,Prunus x jamasakura,35.0119831,135.6761135,44.0,913,0913-04-20,110,kyoto.csv
kyoto,JP,Prunus x jamasakura,35.0119831,135.6761135,44.0,917,0917-04-05,95,kyoto.csv
kyoto,JP,Prunus x jamasakura,35.0119831,135.6761135,44.0,923,0923-04-14,104,kyoto.csv
kyoto,JP,Prunus x jamasakura,35.0119831,135.6761135,44.0,926,0926-04-08,98,kyoto.csv
kyoto,JP,Prunus x jamasakura,35.0119831,135.6761135,44.0,930,0930-04-07,97,kyoto.csv
kyoto,JP,Prunus x jamasakura,35.0119831,135.6761135,44.0,933,0933-04-16,106,kyoto.csv
kyoto,JP,Prunus x jamasakura,35.0119831,135.6761135,44.0,941,0941-04-19,109,kyoto.csv
kyoto,JP,Prunus x jamasakura,35.0119831,135.6761135,44.0,949,0949-04-17,107,kyoto.csv
kyoto,JP,Prunus x jamasakura,35.0119831,135.6761135,44.0,950,0950-04-05,95,kyoto.csv
kyoto,JP,Prunus x jamasakura,35.0119831,135.6761135,44.0,955,0955-03-30,89,kyoto.csv
kyoto,JP,Prunus x jamasakura,35.0119831,135.6761135,44.0,957,0957-04-22,112,kyoto.csv
kyoto,JP,Prunus x jamasakura,35.0119831,135.6761135,44.0,958,0958-04-19,109,kyoto.csv
kyoto,JP,Prunus x jamasakura,35.0119831,135.6761135,44.0,959,0959-04-07,97,kyoto.csv
kyoto,JP,Prunus x jamasakura,35.0119831,135.6761135,44.0,960,0960-04-10,101,kyoto.csv
kyoto,JP,Prunus x jamasakura,35.0119831,135.6761135,44.0,961,0961-03-28,87,kyoto.csv
kyoto,JP,Prunus x jamasakura,35.0119831,135.6761135,44.0,963,0963-04-04,94,kyoto.csv
kyoto,JP,Prunus x jamasakura,35.0119831,135.6761135,44.0,965,0965-04-14,104,kyoto.csv
kyoto,JP,Prunus x jamasakura,35.0119831,135.6761135,44.0,966,0966-04-08,98,kyoto.csv
kyoto,JP,Prunus x jamasakura,35.0119831,135.6761135,44.0,967,0967-04-13,103,kyoto.csv
kyoto,JP,Prunus x jamasakura,35.0119831,135.6761135,44.0,969,0969-04-08,98,kyoto.csv
kyoto,JP,Prunus x jamasakura,35.0119831,135.6761135,44.0,972,0972-04-16,107,kyoto.csv
kyoto,JP,Prunus x jamasakura,35.0119831,135.6761135,44.0,974,0974-04-18,108,kyoto.csv
kyoto,JP,Prunus x jamasakura,35.0119831,135.6761135,44.0,975,0975-04-11,101,kyoto.csv
kyoto,JP,Prunus x jamasakura,35.0119831,135.6761135,44.0,977,0977-04-22,112,kyoto.csv
kyoto,JP,Prunus x jamasakura,35.0119831,135.6761135,44.0,979,0979-04-14,104,kyoto.csv
kyoto,JP,Prunus x jamasakura,35.0119831,135.6761135,44.0,985,0985-04-04,94,kyoto.csv
kyoto,JP,Prunus x jamasakura,35.0119831,135.6761135,44.0,989,0989-04-10,100,kyoto.csv
kyoto,JP,Prunus x jamasakura,35.0119831,135.6761135,44.0,991,0991-04-14,104,kyoto.csv
kyoto,JP,Prunus x jamasakura,35.0119831,135.6761135,44.0,1000,1000-04-15,105,kyoto.csv
kyoto,JP,Prunus x jamasakura,35.0119831,135.6761135,44.0,1004,1004-04-26,117,kyoto.csv
kyoto,JP,Prunus x jamasakura,35.0119831,135.6761135,44.0,1006,1006-04-10,100,kyoto.csv
kyoto,JP,Prunus x jamasakura,35.0119831,135.6761135,44.0,1007,1007-04-16,106,kyoto.csv
kyoto,JP,Prunus x jamasakura,35.0119831,135.6761135,44.0,1014,1014-04-25,115,kyoto.csv
kyoto,JP,Prunus x jamasakura,35.0119831,135.6761135,44.0,1016,1016-04-20,111,kyoto.csv
kyoto,JP,Prunus x jamasakura,35.0119831,135.6761135,44.0,1017,1017-04-09,99,kyoto.csv
kyoto,JP,Prunus x jamasakura,35.0119831,135.6761135,44.0,1018,1018-04-23,113,kyoto.csv
kyoto,JP,Prunus x jamasakura,35.0119831,135.6761135,44.0,1019,1019-04-08,98,kyoto.csv
kyoto,JP,Prunus x jamasakura,35.0119831,135.6761135,44.0,1029,1029-04-26,116,kyoto.csv
kyoto,JP,Prunus x jamasakura,35.0119831,135.6761135,44.0,1031,1031-04-07,97,kyoto.csv
kyoto,JP,Prunus x jamasakura,35.0119831,135.6761135,44.0,1032,1032-04-20,111,kyoto.csv
kyoto,JP,Prunus x jamasakura,35.0119831,135.6761135,44.0,1033,1033-04-12,102,kyoto.csv
kyoto,JP,Prunus x jamasakura,35.0119831,135.6761135,44.0,1034,1034-04-06,96,kyoto.csv
kyoto,JP,Prunus x jamasakura,35.0119831,135.6761135,44.0,1036,1036-04-13,104,kyoto.csv
kyoto,JP,Prunus x jamasakura,35.0119831,135.6761135,44.0,1041,1041-04-13,103,kyoto.csv
kyoto,JP,Prunus x jamasakura,35.0119831,135.6761135,44.0,1046,1046-04-13,103,kyoto.csv
kyoto,JP,Prunus x jamasakura,35.0119831,135.6761135,44.0,1048,1048-04-21,112,kyoto.csv
kyoto,JP,Prunus x jamasakura,35.0119831,135.6761135,44.0,1050,1050-04-15,105,kyoto.csv
kyoto,JP,Prunus x jamasakura,35.0119831,135.6761135,44.0,1060,1060-04-17,108,kyoto.csv
kyoto,JP,Prunus x jamasakura,35.0119831,135.6761135,44.0,1061,1061-04-02,92,kyoto.csv
kyoto,JP,Prunus x jamasakura,35.0119831,135.6761135,44.0,1066,1066-04-15,105,kyoto.csv
kyoto,JP,Prunus x jamasakura,35.0119831,135.6761135,44.0,1071,1071-04-23,113,kyoto.csv
kyoto,JP,Prunus x jamasakura,35.0119831,135.6761135,44.0,1073,1073-04-13,103,kyoto.csv
kyoto,JP,Prunus x jamasakura,35.0119831,135.6761135,44.0,1080,1080-04-11,102,kyoto.csv
kyoto,JP,Prunus x jamasakura,35.0119831,135.6761135,44.0,1083,1083-04-06,96,kyoto.csv
kyoto,JP,Prunus x jamasakura,35.0119831,135.6761135,44.0,1084,1084-04-29,120,kyoto.csv
kyoto,JP,Prunus x jamasakura,35.0119831,135.6761135,44.0,1088,1088-04-13,104,kyoto.csv
kyoto,JP,Prunus x jamasakura,35.0119831,135.6761135,44.0,1090,1090-04-15,105,kyoto.csv
kyoto,JP,Prunus x jamasakura,35.0119831,135.6761135,44.0,1093,1093-04-15,105,kyoto.csv
kyoto,JP,Prunus x jamasakura,35.0119831,135.6761135,44.0,1095,1095-04-10,100,kyoto.csv
kyoto,JP,Prunus x jamasakura,35.0119831,135.6761135,44.0,1096,1096-04-05,96,kyoto.csv
kyoto,JP,Prunus x jamasakura,35.0119831,135.6761135,44.0,1098,1098-04-10,100,kyoto.csv
kyoto,JP,Prunus x jamasakura,35.0119831,135.6761135,44.0,1099,1099-04-13,103,kyoto.csv
kyoto,JP,Prunus x jamasakura,35.0119831,135.6761135,44.0,1102,1102-04-14,104,kyoto.csv
kyoto,JP,Prunus x jamasakura,35.0119831,135.6761135,44.0,1104,1104-04-17,108,kyoto.csv
kyoto,JP,Prunus x jamasakura,35.0119831,135.6761135,44.0,1105,1105-04-24,114,kyoto.csv
kyoto,JP,Prunus x jamasakura,35.0119831,135.6761135,44.0,1107,1107-04-15,105,kyoto.csv
kyoto,JP,Prunus x jamasakura,35.0119831,135.6761135,44.0,1111,1111-04-23,113,kyoto.csv
kyoto,JP,Prunus x jamasakura,35.0119831,135.6761135,44.0,1112,1112-04-13,104,kyoto.csv
kyoto,JP,Prunus x jamasakura,35.0119831,135.6761135,44.0,1114,1114-04-10,100,kyoto.csv
kyoto,JP,Prunus x jamasakura,35.0119831,135.6761135,44.0,1117,1117-04-19,109,kyoto.csv
kyoto,JP,Prunus x jamasakura,35.0119831,135.6761135,44.0,1118,1118-04-12,102,kyoto.csv
kyoto,JP,Prunus x jamasakura,35.0119831,135.6761135,44.0,1120,1120-04-13,104,kyoto.csv
kyoto,JP,Prunus x jamasakura,35.0119831,135.6761135,44.0,1123,1123-04-22,112,kyoto.csv
kyoto,JP,Prunus x jamasakura,35.0119831,135.6761135,44.0,1124,1124-04-07,98,kyoto.csv
kyoto,JP,Prunus x jamasakura,35.0119831,135.6761135,44.0,1125,1125-04-21,111,kyoto.csv
kyoto,JP,Prunus x jamasakura,35.0119831,135.6761135,44.0,1126,1126-04-18,108,kyoto.csv
kyoto,JP,Prunus x jamasakura,35.0119831,135.6761135,44.0,1127,1127-04-17,107,kyoto.csv
kyoto,JP,Prunus x jamasakura,35.0119831,135.6761135,44.0,1128,1128-04-20,111,kyoto.csv
kyoto,JP,Prunus x jamasakura,35.0119831,135.6761135,44.0,1129,1129-04-16,106,kyoto.csv
kyoto,JP,Prunus x jamasakura,35.0119831,135.6761135,44.0,1130,1130-04-13,103,kyoto.csv
kyoto,JP,Prunus x jamasakura,35.0119831,135.6761135,44.0,1131,1131-04-13,103,kyoto.csv
kyoto,JP,Prunus x jamasakura,35.0119831,135.6761135,44.0,1134,1134-04-16,106,kyoto.csv
kyoto,JP,Prunus x jamasakura,35.0119831,135.6761135,44.0,1139,1139-04-23,113,kyoto.csv
kyoto,JP,Prunus x jamasakura,35.0119831,135.6761135,44.0,1140,1140-04-12,103,kyoto.csv
kyoto,JP,Prunus x jamasakura,35.0119831,135.6761135,44.0,1141,1141-04-21,111,kyoto.csv
kyoto,JP,Prunus x jamasakura,35.0119831,135.6761135,44.0,1143,1143-04-20,110,kyoto.csv
kyoto,JP,Prunus x jamasakura,35.0119831,135.6761135,44.0,1145,1145-04-17,107,kyoto.csv
kyoto,JP,Prunus x jamasakura,35.0119831,135.6761135,44.0,1151,1151-04-19,109,kyoto.csv
kyoto,JP,Prunus x jamasakura,35.0119831,135.6761135,44.0,1154,1154-04-06,96,kyoto.csv
kyoto,JP,Prunus x jamasakura,35.0119831,135.6761135,44.0,1156,1156-03-30,90,kyoto.csv
kyoto,JP,Prunus x jamasakura,35.0119831,135.6761135,44.0,1159,1159-04-13,103,kyoto.csv
kyoto,JP,Prunus x jamasakura,35.0119831,135.6761135,44.0,1161,1161-04-22,112,kyoto.csv
kyoto,JP,Prunus x jamasakura,35.0119831,135.6761135,44.0,1163,1163-04-22,112,kyoto.csv
kyoto,JP,Prunus x jamasakura,35.0119831,135.6761135,44.0,1164,1164-04-09,100,kyoto.csv
kyoto,JP,Prunus x jamasakura,35.0119831,135.6761135,44.0,1165,1165-04-16,106,kyoto.csv
kyoto,JP,Prunus x jamasakura,35.0119831,135.6761135,44.0,1166,1166-04-05,95,kyoto.csv
kyoto,JP,Prunus x jamasakura,35.0119831,135.6761135,44.0,1167,1167-04-21,111,kyoto.csv
kyoto,JP,Prunus x jamasakura,35.0119831,135.6761135,44.0,1169,1169-04-22,112,kyoto.csv
kyoto,JP,Prunus x jamasakura,35.0119831,135.6761135,44.0,1170,1170-04-23,113,kyoto.csv
kyoto,JP,Prunus x jamasakura,35.0119831,135.6761135,44.0,1172,1172-04-12,103,kyoto.csv
kyoto,JP,Prunus x jamasakura,35.0119831,135.6761135,44.0,1173,1173-04-27,117,kyoto.csv
kyoto,JP,Prunus x jamasakura,35.0119831,135.6761135,44.0,1174,1174-04-22,112,kyoto.csv
kyoto,JP,Prunus x jamasakura,35.0119831,135.6761135,44.0,1175,1175-04-23,113,kyoto.csv
kyoto,JP,Prunus x jamasakura,35.0119831,135.6761135,44.0,1176,1176-04-22,113,kyoto.csv
kyoto,JP,Prunus x jamasakura,35.0119831,135.6761135,44.0,1179,1179-04-13,103,kyoto.csv
kyoto,JP,Prunus x jamasakura,35.0119831,135.6761135,44.0,1180,1180-04-07,98,kyoto.csv
kyoto,JP,Prunus x jamasakura,35.0119831,135.6761135,44.0,1182,1182-04-14,104,kyoto.csv
kyoto,JP,Prunus x jamasakura,35.0119831,135.6761135,44.0,1183,1183-04-11,101,kyoto.csv
kyoto,JP,Prunus x jamasakura,35.0119831,135.6761135,44.0,1184,1184-04-24,115,kyoto.csv
kyoto,JP,Prunus x jamasakura,35.0119831,135.6761135,44.0,1185,1185-04-25,115,kyoto.csv
kyoto,JP,Prunus x jamasakura,35.0119831,135.6761135,44.0,1187,1187-04-14,104,kyoto.csv
kyoto,JP,Prunus x jamasakura,35.0119831,135.6761135,44.0,1188,1188-04-16,107,kyoto.csv
kyoto,JP,Prunus x jamasakura,35.0119831,135.6761135,44.0,1190,1190-04-22,112,kyoto.csv
kyoto,JP,Prunus x jamasakura,35.0119831,135.6761135,44.0,1191,1191-04-16,106,kyoto.csv
kyoto,JP,Prunus x jamasakura,35.0119831,135.6761135,44.0,1194,1194-04-29,119,kyoto.csv
kyoto,JP,Prunus x jamasakura,35.0119831,135.6761135,44.0,1199,1199-04-19,109,kyoto.csv
kyoto,JP,Prunus x jamasakura,35.0119831,135.6761135,44.0,1200,1200-04-13,104,kyoto.csv
kyoto,JP,Prunus x jamasakura,35.0119831,135.6761135,44.0,1201,1201-04-06,96,kyoto.csv
kyoto,JP,Prunus x jamasakura,35.0119831,135.6761135,44.0,1202,1202-04-16,106,kyoto.csv
kyoto,JP,Prunus x jamasakura,35.0119831,135.6761135,44.0,1203,1203-04-15,105,kyoto.csv
kyoto,JP,Prunus x jamasakura,35.0119831,135.6761135,44.0,1204,1204-04-19,110,kyoto.csv
kyoto,JP,Prunus x jamasakura,35.0119831,135.6761135,44.0,1205,1205-04-15,105,kyoto.csv
kyoto,JP,Prunus x jamasakura,35.0119831,135.6761135,44.0,1207,1207-04-14,104,kyoto.csv
kyoto,JP,Prunus x jamasakura,35.0119831,135.6761135,44.0,1210,1210-04-22,112,kyoto.csv
kyoto,JP,Prunus x jamasakura,35.0119831,135.6761135,44.0,1212,1212-04-07,98,kyoto.csv
kyoto,JP,Prunus x jamasakura,35.0119831,135.6761135,44.0,1213,1213-04-17,107,kyoto.csv
kyoto,JP,Prunus x jamasakura,35.0119831,135.6761135,44.0,1214,1214-04-12,102,kyoto.csv
kyoto,JP,Prunus x jamasakura,35.0119831,135.6761135,44.0,1215,1215-04-18,108,kyoto.csv
kyoto,JP,Prunus x jamasakura,35.0119831,135.6761135,44.0,1216,1216-04-10,101,kyoto.csv
kyoto,JP,Prunus x jamasakura,35.0119831,135.6761135,44.0,1219,1219-04-11,101,kyoto.csv
kyoto,JP,Prunus x jamasakura,35.0119831,135.6761135,44.0,1220,1220-04-18,109,kyoto.csv
kyoto,JP,Prunus x jamasakura,35.0119831,135.6761135,44.0,1221,1221-04-09,99,kyoto.csv
kyoto,JP,Prunus x jamasakura,35.0119831,135.6761135,44.0,1223,1223-04-26,116,kyoto.csv
kyoto,JP,Prunus x jamasakura,35.0119831,135.6761135,44.0,1225,1225-04-15,105,kyoto.csv
kyoto,JP,Prunus x jamasakura,35.0119831,135.6761135,44.0,1226,1226-04-16,106,kyoto.csv
kyoto,JP,Prunus x jamasakura,35.0119831,135.6761135,44.0,1227,1227-04-21,111,kyoto.csv
kyoto,JP,Prunus x jamasakura,35.0119831,135.6761135,44.0,1229,1229-04-07,97,kyoto.csv
kyoto,JP,Prunus x jamasakura,35.0119831,135.6761135,44.0,1230,1230-04-12,102,kyoto.csv
kyoto,JP,Prunus x jamasakura,35.0119831,135.6761135,44.0,1231,1231-04-11,101,kyoto.csv
kyoto,JP,Prunus x jamasakura,35.0119831,135.6761135,44.0,1232,1232-04-01,92,kyoto.csv
kyoto,JP,Prunus x jamasakura,35.0119831,135.6761135,44.0,1233,1233-04-15,105,kyoto.csv
kyoto,JP,Prunus x jamasakura,35.0119831,135.6761135,44.0,1235,1235-04-20,110,kyoto.csv
kyoto,JP,Prunus x jamasakura,35.0119831,135.6761135,44.0,1236,1236-03-27,87,kyoto.csv
kyoto,JP,Prunus x jamasakura,35.0119831,135.6761135,44.0,1240,1240-04-15,106,kyoto.csv
kyoto,JP,Prunus x jamasakura,35.0119831,135.6761135,44.0,1244,1244-04-17,108,kyoto.csv
kyoto,JP,Prunus x jamasakura,35.0119831,135.6761135,44.0,1245,1245-04-18,108,kyoto.csv
kyoto,JP,Prunus x jamasakura,35.0119831,135.6761135,44.0,1246,1246-04-08,98,kyoto.csv
kyoto,JP,Prunus x jamasakura,35.0119831,135.6761135,44.0,1247,1247-04-16,106,kyoto.csv
kyoto,JP,Prunus x jamasakura,35.0119831,135.6761135,44.0,1249,1249-04-18,108,kyoto.csv
kyoto,JP,Prunus x jamasakura,35.0119831,135.6761135,44.0,1250,1250-04-26,116,kyoto.csv
kyoto,JP,Prunus x jamasakura,35.0119831,135.6761135,44.0,1251,1251-04-10,100,kyoto.csv
kyoto,JP,Prunus x jamasakura,35.0119831,135.6761135,44.0,1254,1254-04-20,110,kyoto.csv
kyoto,JP,Prunus x jamasakura,35.0119831,135.6761135,44.0,1257,1257-04-04,94,kyoto.csv
kyoto,JP,Prunus x jamasakura,35.0119831,135.6761135,44.0,1259,1259-04-06,96,kyoto.csv
kyoto,JP,Prunus x jamasakura,35.0119831,135.6761135,44.0,1262,1262-04-07,97,kyoto.csv
kyoto,JP,Prunus x jamasakura,35.0119831,135.6761135,44.0,1263,1263-04-30,120,kyoto.csv
kyoto,JP,Prunus x jamasakura,35.0119831,135.6761135,44.0,1264,1264-04-12,103,kyoto.csv
kyoto,JP,Prunus x jamasakura,35.0119831,135.6761135,44.0,1265,1265-04-08,98,kyoto.csv
kyoto,JP,Prunus x jamasakura,35.0119831,135.6761135,44.0,1267,1267-04-15,105,kyoto.csv
kyoto,JP,Prunus x jamasakura,35.0119831,135.6761135,44.0,1268,1268-04-12,103,kyoto.csv
kyoto,JP,Prunus x jamasakura,35.0119831,135.6761135,44.0,1269,1269-04-10,100,kyoto.csv
kyoto,JP,Prunus x jamasakura,35.0119831,135.6761135,44.0,1271,1271-04-10,100,kyoto.csv
kyoto,JP,Prunus x jamasakura,35.0119831,135.6761135,44.0,1275,1275-04-17,107,kyoto.csv
kyoto,JP,Prunus x jamasakura,35.0119831,135.6761135,44.0,1278,1278-04-23,113,kyoto.csv
kyoto,JP,Prunus x jamasakura,35.0119831,135.6761135,44.0,1279,1279-04-11,101,kyoto.csv
kyoto,JP,Prunus x jamasakura,35.0119831,135.6761135,44.0,1280,1280-04-11,102,kyoto.csv
kyoto,JP,Prunus x jamasakura,35.0119831,135.6761135,44.0,1283,1283-04-13,103,kyoto.csv
kyoto,JP,Prunus x jamasakura,35.0119831,135.6761135,44.0,1284,1284-04-11,102,kyoto.csv
kyoto,JP,Prunus x jamasakura,35.0119831,135.6761135,44.0,1285,1285-04-15,105,kyoto.csv
kyoto,JP,Prunus x jamasakura,35.0119831,135.6761135,44.0,1286,1286-04-22,112,kyoto.csv
kyoto,JP,Prunus x jamasakura,35.0119831,135.6761135,44.0,1287,1287-04-20,110,kyoto.csv
kyoto,JP,Prunus x jamasakura,35.0119831,135.6761135,44.0,1288,1288-04-17,108,kyoto.csv
kyoto,JP,Prunus x jamasakura,35.0119831,135.6761135,44.0,1289,1289-04-17,107,kyoto.csv
kyoto,JP,Prunus x jamasakura,35.0119831,135.6761135,44.0,1292,1292-04-16,107,kyoto.csv
kyoto,JP,Prunus x jamasakura,35.0119831,135.6761135,44.0,1294,1294-04-11,101,kyoto.csv
kyoto,JP,Prunus x jamasakura,35.0119831,135.6761135,44.0,1295,1295-04-12,102,kyoto.csv
kyoto,JP,Prunus x jamasakura,35.0119831,135.6761135,44.0,1301,1301-04-05,95,kyoto.csv
kyoto,JP,Prunus x jamasakura,35.0119831,135.6761135,44.0,1302,1302-04-06,96,kyoto.csv
kyoto,JP,Prunus x jamasakura,35.0119831,135.6761135,44.0,1307,1307-04-14,104,kyoto.csv
kyoto,JP,Prunus x jamasakura,35.0119831,135.6761135,44.0,1311,1311-04-04,94,kyoto.csv
kyoto,JP,Prunus x jamasakura,35.0119831,135.6761135,44.0,1312,1312-04-09,100,kyoto.csv
kyoto,JP,Prunus x jamasakura,35.0119831,135.6761135,44.0,1314,1314-04-11,101,kyoto.csv
kyoto,JP,Prunus x jamasakura,35.0119831,135.6761135,44.0,1315,1315-04-21,111,kyoto.csv
kyoto,JP,Prunus x jamasakura,35.0119831,135.6761135,44.0,1316,1316-04-12,103,kyoto.csv
kyoto,JP,Prunus x jamasakura,35.0119831,135.6761135,44.0,1317,1317-04-12,102,kyoto.csv
kyoto,JP,Prunus x jamasakura,35.0119831,135.6761135,44.0,1319,1319-04-26,116,kyoto.csv
kyoto,JP,Prunus x jamasakura,35.0119831,135.6761135,44.0,1321,1321-04-12,102,kyoto.csv
kyoto,JP,Prunus x jamasakura,35.0119831,135.6761135,44.0,1322,1322-04-16,106,kyoto.csv
kyoto,JP,Prunus x jamasakura,35.0119831,135.6761135,44.0,1323,1323-05-04,124,kyoto.csv
kyoto,JP,Prunus x jamasakura,35.0119831,135.6761135,44.0,1324,1324-04-07,98,kyoto.csv
kyoto,JP,Prunus x jamasakura,35.0119831,135.6761135,44.0,1326,1326-04-17,107,kyoto.csv
kyoto,JP,Prunus x jamasakura,35.0119831,135.6761135,44.0,1329,1329-04-22,112,kyoto.csv
kyoto,JP,Prunus x jamasakura,35.0119831,135.6761135,44.0,1330,1330-04-18,108,kyoto.csv
kyoto,JP,Prunus x jamasakura,35.0119831,135.6761135,44.0,1331,1331-04-22,112,kyoto.csv
kyoto,JP,Prunus x jamasakura,35.0119831,135.6761135,44.0,1332,1332-04-24,115,kyoto.csv
kyoto,JP,Prunus x jamasakura,35.0119831,135.6761135,44.0,1342,1342-04-20,110,kyoto.csv
kyoto,JP,Prunus x jamasakura,35.0119831,135.6761135,44.0,1344,1344-04-11,102,kyoto.csv
kyoto,JP,Prunus x jamasakura,35.0119831,135.6761135,44.0,1346,1346-04-17,107,kyoto.csv
kyoto,JP,Prunus x jamasakura,35.0119831,135.6761135,44.0,1347,1347-04-19,109,kyoto.csv
kyoto,JP,Prunus x jamasakura,35.0119831,135.6761135,44.0,1349,1349-04-22,112,kyoto.csv
kyoto,JP,Prunus x jamasakura,35.0119831,135.6761135,44.0,1350,1350-04-11,101,kyoto.csv
kyoto,JP,Prunus x jamasakura,35.0119831,135.6761135,44.0,1351,1351-04-25,115,kyoto.csv
kyoto,JP,Prunus x jamasakura,35.0119831,135.6761135,44.0,1356,1356-04-26,117,kyoto.csv
kyoto,JP,Prunus x jamasakura,35.0119831,135.6761135,44.0,1357,1357-04-17,107,kyoto.csv
kyoto,JP,Prunus x jamasakura,35.0119831,135.6761135,44.0,1358,1358-04-20,110,kyoto.csv
kyoto,JP,Prunus x jamasakura,35.0119831,135.6761135,44.0,1359,1359-04-15,105,kyoto.csv
kyoto,JP,Prunus x jamasakura,35.0119831,135.6761135,44.0,1360,1360-04-10,101,kyoto.csv
kyoto,JP,Prunus x jamasakura,35.0119831,135.6761135,44.0,1361,1361-04-18,108,kyoto.csv
kyoto,JP,Prunus x jamasakura,35.0119831,135.6761135,44.0,1363,1363-04-17,107,kyoto.csv
kyoto,JP,Prunus x jamasakura,35.0119831,135.6761135,44.0,1364,1364-04-19,110,kyoto.csv
kyoto,JP,Prunus x jamasakura,35.0119831,135.6761135,44.0,1366,1366-04-22,112,kyoto.csv
kyoto,JP,Prunus x jamasakura,35.0119831,135.6761135,44.0,1367,1367-04-07,97,kyoto.csv
kyoto,JP,Prunus x jamasakura,35.0119831,135.6761135,44.0,1368,1368-03-28,88,kyoto.csv
kyoto,JP,Prunus x jamasakura,35.0119831,135.6761135,44.0,1369,1369-04-04,94,kyoto.csv
kyoto,JP,Prunus x jamasakura,35.0119831,135.6761135,44.0,1370,1370-04-19,109,kyoto.csv
kyoto,JP,Prunus x jamasakura,35.0119831,135.6761135,44.0,1372,1372-04-11,102,kyoto.csv
kyoto,JP,Prunus x jamasakura,35.0119831,135.6761135,44.0,1373,1373-04-20,110,kyoto.csv
kyoto,JP,Prunus x jamasakura,35.0119831,135.6761135,44.0,1375,1375-04-13,103,kyoto.csv
kyoto,JP,Prunus x jamasakura,35.0119831,135.6761135,44.0,1376,1376-04-08,99,kyoto.csv
kyoto,JP,Prunus x jamasakura,35.0119831,135.6761135,44.0,1377,1377-04-15,105,kyoto.csv
kyoto,JP,Prunus x jamasakura,35.0119831,135.6761135,44.0,1378,1378-04-14,104,kyoto.csv
kyoto,JP,Prunus x jamasakura,35.0119831,135.6761135,44.0,1379,1379-04-13,103,kyoto.csv
kyoto,JP,Prunus x jamasakura,35.0119831,135.6761135,44.0,1380,1380-04-11,102,kyoto.csv
kyoto,JP,Prunus x jamasakura,35.0119831,135.6761135,44.0,1381,1381-04-18,108,kyoto.csv
kyoto,JP,Prunus x jamasakura,35.0119831,135.6761135,44.0,1382,1382-04-15,105,kyoto.csv
kyoto,JP,Prunus x jamasakura,35.0119831,135.6761135,44.0,1383,1383-04-12,102,kyoto.csv
kyoto,JP,Prunus x jamasakura,35.0119831,135.6761135,44.0,1384,1384-04-07,98,kyoto.csv
kyoto,JP,Prunus x jamasakura,35.0119831,135.6761135,44.0,1385,1385-04-09,99,kyoto.csv
kyoto,JP,Prunus x jamasakura,35.0119831,135.6761135,44.0,1386,1386-04-15,105,kyoto.csv
kyoto,JP,Prunus x jamasakura,35.0119831,135.6761135,44.0,1387,1387-04-10,100,kyoto.csv
kyoto,JP,Prunus x jamasakura,35.0119831,135.6761135,44.0,1388,1388-04-08,99,kyoto.csv
kyoto,JP,Prunus x jamasakura,35.0119831,135.6761135,44.0,1398,1398-04-16,106,kyoto.csv
kyoto,JP,Prunus x jamasakura,35.0119831,135.6761135,44.0,1401,1401-04-11,101,kyoto.csv
kyoto,JP,Prunus x jamasakura,35.0119831,135.6761135,44.0,1402,1402-04-13,103,kyoto.csv
kyoto,JP,Prunus x jamasakura,35.0119831,135.6761135,44.0,1403,1403-04-14,104,kyoto.csv
kyoto,JP,Prunus x jamasakura,35.0119831,135.6761135,44.0,1406,1406-04-12,102,kyoto.csv
kyoto,JP,Prunus x jamasakura,35.0119831,135.6761135,44.0,1407,1407-04-11,101,kyoto.csv
kyoto,JP,Prunus x jamasakura,35.0119831,135.6761135,44.0,1408,1408-04-20,111,kyoto.csv
kyoto,JP,Prunus x jamasakura,35.0119831,135.6761135,44.0,1409,1409-03-27,86,kyoto.csv
kyoto,JP,Prunus x jamasakura,35.0119831,135.6761135,44.0,1410,1410-04-12,102,kyoto.csv
kyoto,JP,Prunus x jamasakura,35.0119831,135.6761135,44.0,1412,1412-04-02,93,kyoto.csv
kyoto,JP,Prunus x jamasakura,35.0119831,135.6761135,44.0,1413,1413-04-01,91,kyoto.csv
kyoto,JP,Prunus x jamasakura,35.0119831,135.6761135,44.0,1415,1415-04-15,105,kyoto.csv
kyoto,JP,Prunus x jamasakura,35.0119831,135.6761135,44.0,1416,1416-04-10,101,kyoto.csv
kyoto,JP,Prunus x jamasakura,35.0119831,135.6761135,44.0,1417,1417-04-19,109,kyoto.csv
kyoto,JP,Prunus x jamasakura,35.0119831,135.6761135,44.0,1418,1418-04-08,98,kyoto.csv
kyoto,JP,Prunus x jamasakura,35.0119831,135.6761135,44.0,1419,1419-04-10,100,kyoto.csv
kyoto,JP,Prunus x jamasakura,35.0119831,135.6761135,44.0,1420,1420-04-21,112,kyoto.csv
kyoto,JP,Prunus x jamasakura,35.0119831,135.6761135,44.0,1421,1421-04-09,99,kyoto.csv
kyoto,JP,Prunus x jamasakura,35.0119831,135.6761135,44.0,1422,1422-04-19,109,kyoto.csv
kyoto,JP,Prunus x jamasakura,35.0119831,135.6761135,44.0,1423,1423-04-06,96,kyoto.csv
kyoto,JP,Prunus x jamasakura,35.0119831,135.6761135,44.0,1424,1424-04-12,103,kyoto.csv
kyoto,JP,Prunus x jamasakura,35.0119831,135.6761135,44.0,1425,1425-04-08,98,kyoto.csv
kyoto,JP,Prunus x jamasakura,35.0119831,135.6761135,44.0,1426,1426-04-09,99,kyoto.csv
kyoto,JP,Prunus x jamasakura,35.0119831,135.6761135,44.0,1427,1427-04-12,102,kyoto.csv
kyoto,JP,Prunus x jamasakura,35.0119831,135.6761135,44.0,1429,1429-04-08,98,kyoto.csv
kyoto,JP,Prunus x jamasakura,35.0119831,135.6761135,44.0,1430,1430-04-18,108,kyoto.csv
kyoto,JP,Prunus x jamasakura,35.0119831,135.6761135,44.0,1431,1431-04-12,102,kyoto.csv
kyoto,JP,Prunus x jamasakura,35.0119831,135.6761135,44.0,1432,1432-04-13,104,kyoto.csv
kyoto,JP,Prunus x jamasakura,35.0119831,135.6761135,44.0,1433,1433-04-08,98,kyoto.csv
kyoto,JP,Prunus x jamasakura,35.0119831,135.6761135,44.0,1434,1434-04-23,113,kyoto.csv
kyoto,JP,Prunus x jamasakura,35.0119831,135.6761135,44.0,1435,1435-04-05,95,kyoto.csv
kyoto,JP,Prunus x jamasakura,35.0119831,135.6761135,44.0,1436,1436-04-10,101,kyoto.csv
kyoto,JP,Prunus x jamasakura,35.0119831,135.6761135,44.0,1437,1437-04-13,103,kyoto.csv
kyoto,JP,Prunus x jamasakura,35.0119831,135.6761135,44.0,1438,1438-04-09,99,kyoto.csv
kyoto,JP,Prunus x jamasakura,35.0119831,135.6761135,44.0,1439,1439-04-11,101,kyoto.csv
kyoto,JP,Prunus x jamasakura,35.0119831,135.6761135,44.0,1440,1440-04-07,98,kyoto.csv
kyoto,JP,Prunus x jamasakura,35.0119831,135.6761135,44.0,1441,1441-04-15,105,kyoto.csv
kyoto,JP,Prunus x jamasakura,35.0119831,135.6761135,44.0,1443,1443-04-17,107,kyoto.csv
kyoto,JP,Prunus x jamasakura,35.0119831,135.6761135,44.0,1444,1444-04-18,109,kyoto.csv
kyoto,JP,Prunus x jamasakura,35.0119831,135.6761135,44.0,1446,1446-04-18,108,kyoto.csv
kyoto,JP,Prunus x jamasakura,35.0119831,135.6761135,44.0,1447,1447-04-21,111,kyoto.csv
kyoto,JP,Prunus x jamasakura,35.0119831,135.6761135,44.0,1448,1448-04-05,96,kyoto.csv
kyoto,JP,Prunus x jamasakura,35.0119831,135.6761135,44.0,1449,1449-04-05,95,kyoto.csv
kyoto,JP,Prunus x jamasakura,35.0119831,135.6761135,44.0,1450,1450-04-10,100,kyoto.csv
kyoto,JP,Prunus x jamasakura,35.0119831,135.6761135,44.0,1451,1451-04-13,103,kyoto.csv
kyoto,JP,Prunus x jamasakura,35.0119831,135.6761135,44.0,1452,1452-04-01,92,kyoto.csv
kyoto,JP,Prunus x jamasakura,35.0119831,135.6761135,44.0,1453,1453-04-17,107,kyoto.csv
kyoto,JP,Prunus x jamasakura,35.0119831,135.6761135,44.0,1454,1454-04-15,105,kyoto.csv
kyoto,JP,Prunus x jamasakura,35.0119831,135.6761135,44.0,1455,1455-04-06,96,kyoto.csv
kyoto,JP,Prunus x jamasakura,35.0119831,135.6761135,44.0,1456,1456-04-15,106,kyoto.csv
kyoto,JP,Prunus x jamasakura,35.0119831,135.6761135,44.0,1457,1457-04-15,105,kyoto.csv
kyoto,JP,Prunus x jamasakura,35.0119831,135.6761135,44.0,1458,1458-04-22,112,kyoto.csv
kyoto,JP,Prunus x jamasakura,35.0119831,135.6761135,44.0,1459,1459-04-23,113,kyoto.csv
kyoto,JP,Prunus x jamasakura,35.0119831,135.6761135,44.0,1460,1460-04-20,111,kyoto.csv
kyoto,JP,Prunus x jamasakura,35.0119831,135.6761135,44.0,1461,1461-04-16,106,kyoto.csv
kyoto,JP,Prunus x jamasakura,35.0119831,135.6761135,44.0,1462,1462-04-16,106,kyoto.csv
kyoto,JP,Prunus x jamasakura,35.0119831,135.6761135,44.0,1463,1463-04-11,101,kyoto.csv
kyoto,JP,Prunus x jamasakura,35.0119831,135.6761135,44.0,1464,1464-04-13,104,kyoto.csv
kyoto,JP,Prunus x jamasakura,35.0119831,135.6761135,44.0,1465,1465-04-08,98,kyoto.csv
kyoto,JP,Prunus x jamasakura,35.0119831,135.6761135,44.0,1466,1466-04-15,105,kyoto.csv
kyoto,JP,Prunus x jamasakura,35.0119831,135.6761135,44.0,1467,1467-04-11,101,kyoto.csv
kyoto,JP,Prunus x jamasakura,35.0119831,135.6761135,44.0,1468,1468-04-10,101,kyoto.csv
kyoto,JP,Prunus x jamasakura,35.0119831,135.6761135,44.0,1472,1472-04-23,114,kyoto.csv
kyoto,JP,Prunus x jamasakura,35.0119831,135.6761135,44.0,1474,1474-04-08,98,kyoto.csv
kyoto,JP,Prunus x jamasakura,35.0119831,135.6761135,44.0,1476,1476-04-09,100,kyoto.csv
kyoto,JP,Prunus x jamasakura,35.0119831,135.6761135,44.0,1477,1477-04-20,110,kyoto.csv
kyoto,JP,Prunus x jamasakura,35.0119831,135.6761135,44.0,1478,1478-04-25,115,kyoto.csv
kyoto,JP,Prunus x jamasakura,35.0119831,135.6761135,44.0,1479,1479-04-20,110,kyoto.csv
kyoto,JP,Prunus x jamasakura,35.0119831,135.6761135,44.0,1480,1480-04-13,104,kyoto.csv
kyoto,JP,Prunus x jamasakura,35.0119831,135.6761135,44.0,1481,1481-04-16,106,kyoto.csv
kyoto,JP,Prunus x jamasakura,35.0119831,135.6761135,44.0,1482,1482-04-18,108,kyoto.csv
kyoto,JP,Prunus x jamasakura,35.0119831,135.6761135,44.0,1483,1483-04-11,101,kyoto.csv
kyoto,JP,Prunus x jamasakura,35.0119831,135.6761135,44.0,1484,1484-04-06,97,kyoto.csv
kyoto,JP,Prunus x jamasakura,35.0119831,135.6761135,44.0,1485,1485-04-04,94,kyoto.csv
kyoto,JP,Prunus x jamasakura,35.0119831,135.6761135,44.0,1486,1486-04-09,99,kyoto.csv
kyoto,JP,Prunus x jamasakura,35.0119831,135.6761135,44.0,1487,1487-04-03,93,kyoto.csv
kyoto,JP,Prunus x jamasakura,35.0119831,135.6761135,44.0,1488,1488-04-12,103,kyoto.csv
kyoto,JP,Prunus x jamasakura,35.0119831,135.6761135,44.0,1489,1489-04-10,100,kyoto.csv
kyoto,JP,Prunus x jamasakura,35.0119831,135.6761135,44.0,1490,1490-04-07,97,kyoto.csv
kyoto,JP,Prunus x jamasakura,35.0119831,135.6761135,44.0,1491,1491-04-17,107,kyoto.csv
kyoto,JP,Prunus x jamasakura,35.0119831,135.6761135,44.0,1492,1492-04-17,108,kyoto.csv
kyoto,JP,Prunus x jamasakura,35.0119831,135.6761135,44.0,1493,1493-04-10,100,kyoto.csv
kyoto,JP,Prunus x jamasakura,35.0119831,135.6761135,44.0,1494,1494-04-16,106,kyoto.csv
kyoto,JP,Prunus x jamasakura,35.0119831,135.6761135,44.0,1495,1495-04-04,94,kyoto.csv
kyoto,JP,Prunus x jamasakura,35.0119831,135.6761135,44.0,1496,1496-04-06,97,kyoto.csv
kyoto,JP,Prunus x jamasakura,35.0119831,135.6761135,44.0,1497,1497-04-18,108,kyoto.csv
kyoto,JP,Prunus x jamasakura,35.0119831,135.6761135,44.0,1498,1498-04-07,97,kyoto.csv
kyoto,JP,Prunus x jamasakura,35.0119831,135.6761135,44.0,1499,1499-04-21,111,kyoto.csv
kyoto,JP,Prunus x jamasakura,35.0119831,135.6761135,44.0,1500,1500-04-07,97,kyoto.csv
kyoto,JP,Prunus x jamasakura,35.0119831,135.6761135,44.0,1501,1501-04-13,103,kyoto.csv
kyoto,JP,Prunus x jamasakura,35.0119831,135.6761135,44.0,1502,1502-04-25,115,kyoto.csv
kyoto,JP,Prunus x jamasakura,35.0119831,135.6761135,44.0,1503,1503-04-18,108,kyoto.csv
kyoto,JP,Prunus x jamasakura,35.0119831,135.6761135,44.0,1504,1504-04-23,114,kyoto.csv
kyoto,JP,Prunus x jamasakura,35.0119831,135.6761135,44.0,1505,1505-04-16,106,kyoto.csv
kyoto,JP,Prunus x jamasakura,35.0119831,135.6761135,44.0,1506,1506-04-16,106,kyoto.csv
kyoto,JP,Prunus x jamasakura,35.0119831,135.6761135,44.0,1507,1507-04-18,108,kyoto.csv
kyoto,JP,Prunus x jamasakura,35.0119831,135.6761135,44.0,1508,1508-04-20,111,kyoto.csv
kyoto,JP,Prunus x jamasakura,35.0119831,135.6761135,44.0,1509,1509-04-12,102,kyoto.csv
kyoto,JP,Prunus x jamasakura,35.0119831,135.6761135,44.0,1510,1510-04-20,110,kyoto.csv
kyoto,JP,Prunus x jamasakura,35.0119831,135.6761135,44.0,1511,1511-04-21,111,kyoto.csv
kyoto,JP,Prunus x jamasakura,35.0119831,135.6761135,44.0,1512,1512-04-18,109,kyoto.csv
kyoto,JP,Prunus x jamasakura,35.0119831,135.6761135,44.0,1513,1513-04-20,110,kyoto.csv
kyoto,JP,Prunus x jamasakura,35.0119831,135.6761135,44.0,1514,1514-04-15,105,kyoto.csv
kyoto,JP,Prunus x jamasakura,35.0119831,135.6761135,44.0,1515,1515-04-21,111,kyoto.csv
kyoto,JP,Prunus x jamasakura,35.0119831,135.6761135,44.0,1516,1516-04-13,104,kyoto.csv
kyoto,JP,Prunus x jamasakura,35.0119831,135.6761135,44.0,1517,1517-04-16,106,kyoto.csv
kyoto,JP,Prunus x jamasakura,35.0119831,135.6761135,44.0,1518,1518-04-25,115,kyoto.csv
kyoto,JP,Prunus x jamasakura,35.0119831,135.6761135,44.0,1519,1519-04-21,111,kyoto.csv
kyoto,JP,Prunus x jamasakura,35.0119831,135.6761135,44.0,1520,1520-04-14,105,kyoto.csv
kyoto,JP,Prunus x jamasakura,35.0119831,135.6761135,44.0,1521,1521-04-17,107,kyoto.csv
kyoto,JP,Prunus x jamasakura,35.0119831,135.6761135,44.0,1522,1522-04-13,103,kyoto.csv
kyoto,JP,Prunus x jamasakura,35.0119831,135.6761135,44.0,1523,1523-04-19,109,kyoto.csv
kyoto,JP,Prunus x jamasakura,35.0119831,135.6761135,44.0,1524,1524-04-18,109,kyoto.csv
kyoto,JP,Prunus x jamasakura,35.0119831,135.6761135,44.0,1525,1525-04-14,104,kyoto.csv
kyoto,JP,Prunus x jamasakura,35.0119831,135.6761135,44.0,1526,1526-04-23,113,kyoto.csv
kyoto,JP,Prunus x jamasakura,35.0119831,135.6761135,44.0,1527,1527-04-15,105,kyoto.csv
kyoto,JP,Prunus x jamasakura,35.0119831,135.6761135,44.0,1528,1528-04-15,106,kyoto.csv
kyoto,JP,Prunus x jamasakura,35.0119831,135.6761135,44.0,1529,1529-04-17,107,kyoto.csv
kyoto,JP,Prunus x jamasakura,35.0119831,135.6761135,44.0,1530,1530-04-17,107,kyoto.csv
kyoto,JP,Prunus x jamasakura,35.0119831,135.6761135,44.0,1531,1531-04-13,103,kyoto.csv
kyoto,JP,Prunus x jamasakura,35.0119831,135.6761135,44.0,1532,1532-04-17,108,kyoto.csv
kyoto,JP,Prunus x jamasakura,35.0119831,135.6761135,44.0,1533,1533-04-21,111,kyoto.csv
kyoto,JP,Prunus x jamasakura,35.0119831,135.6761135,44.0,1534,1534-04-18,108,kyoto.csv
kyoto,JP,Prunus x jamasakura,35.0119831,135.6761135,44.0,1535,1535-04-05,95,kyoto.csv
kyoto,JP,Prunus x jamasakura,35.0119831,135.6761135,44.0,1536,1536-04-17,108,kyoto.csv
kyoto,JP,Prunus x jamasakura,35.0119831,135.6761135,44.0,1537,1537-04-18,108,kyoto.csv
kyoto,JP,Prunus x jamasakura,35.0119831,135.6761135,44.0,1538,1538-04-22,112,kyoto.csv
kyoto,JP,Prunus x jamasakura,35.0119831,135.6761135,44.0,1539,1539-04-30,120,kyoto.csv
kyoto,JP,Prunus x jamasakura,35.0119831,135.6761135,44.0,1540,1540-05-01,122,kyoto.csv
kyoto,JP,Prunus x jamasakura,35.0119831,135.6761135,44.0,1541,1541-04-19,109,kyoto.csv
kyoto,JP,Prunus x jamasakura,35.0119831,135.6761135,44.0,1542,1542-04-12,102,kyoto.csv
kyoto,JP,Prunus x jamasakura,35.0119831,135.6761135,44.0,1543,1543-04-29,119,kyoto.csv
kyoto,JP,Prunus x jamasakura,35.0119831,135.6761135,44.0,1544,1544-04-16,107,kyoto.csv
kyoto,JP,Prunus x jamasakura,35.0119831,135.6761135,44.0,1545,1545-04-07,97,kyoto.csv
kyoto,JP,Prunus x jamasakura,35.0119831,135.6761135,44.0,1546,1546-04-22,112,kyoto.csv
kyoto,JP,Prunus x jamasakura,35.0119831,135.6761135,44.0,1547,1547-04-14,104,kyoto.csv
kyoto,JP,Prunus x jamasakura,35.0119831,135.6761135,44.0,1548,1548-04-27,118,kyoto.csv
kyoto,JP,Prunus x jamasakura,35.0119831,135.6761135,44.0,1549,1549-04-27,117,kyoto.csv
kyoto,JP,Prunus x jamasakura,35.0119831,135.6761135,44.0,1550,1550-04-21,111,kyoto.csv
kyoto,JP,Prunus x jamasakura,35.0119831,135.6761135,44.0,1551,1551-04-19,109,kyoto.csv
kyoto,JP,Prunus x jamasakura,35.0119831,135.6761135,44.0,1552,1552-04-13,104,kyoto.csv
kyoto,JP,Prunus x jamasakura,35.0119831,135.6761135,44.0,1553,1553-04-29,119,kyoto.csv
kyoto,JP,Prunus x jamasakura,35.0119831,135.6761135,44.0,1555,1555-04-11,101,kyoto.csv
kyoto,JP,Prunus x jamasakura,35.0119831,135.6761135,44.0,1556,1556-04-29,120,kyoto.csv
kyoto,JP,Prunus x jamasakura,35.0119831,135.6761135,44.0,1557,1557-04-03,93,kyoto.csv
kyoto,JP,Prunus x jamasakura,35.0119831,135.6761135,44.0,1558,1558-04-21,111,kyoto.csv
kyoto,JP,Prunus x jamasakura,35.0119831,135.6761135,44.0,1559,1559-04-06,96,kyoto.csv
kyoto,JP,Prunus x jamasakura,35.0119831,135.6761135,44.0,1560,1560-04-09,100,kyoto.csv
kyoto,JP,Prunus x jamasakura,35.0119831,135.6761135,44.0,1561,1561-04-12,102,kyoto.csv
kyoto,JP,Prunus x jamasakura,35.0119831,135.6761135,44.0,1562,1562-04-09,99,kyoto.csv
kyoto,JP,Prunus x jamasakura,35.0119831,135.6761135,44.0,1563,1563-04-09,99,kyoto.csv
kyoto,JP,Prunus x jamasakura,35.0119831,135.6761135,44.0,1564,1564-04-18,109,kyoto.csv
kyoto,JP,Prunus x jamasakura,35.0119831,135.6761135,44.0,1565,1565-04-24,114,kyoto.csv
kyoto,JP,Prunus x jamasakura,35.0119831,135.6761135,44.0,1566,1566-04-07,97,kyoto.csv
kyoto,JP,Prunus x jamasakura,35.0119831,135.6761135,44.0,1567,1567-04-18,108,kyoto.csv
kyoto,JP,Prunus x jamasakura,35.0119831,135.6761135,44.0,1568,1568-04-15,106,kyoto.csv
kyoto,JP,Prunus x jamasakura,35.0119831,135.6761135,44.0,1570,1570-04-22,112,kyoto.csv
kyoto,JP,Prunus x jamasakura,35.0119831,135.6761135,44.0,1571,1571-04-18,108,kyoto.csv
kyoto,JP,Prunus x jamasakura,35.0119831,135.6761135,44.0,1572,1572-04-16,107,kyoto.csv
kyoto,JP,Prunus x jamasakura,35.0119831,135.6761135,44.0,1574,1574-04-08,98,kyoto.csv
kyoto,JP,Prunus x jamasakura,35.0119831,135.6761135,44.0,1576,1576-04-18,109,kyoto.csv
kyoto,JP,Prunus x jamasakura,35.0119831,135.6761135,44.0,1577,1577-04-10,100,kyoto.csv
kyoto,JP,Prunus x jamasakura,35.0119831,135.6761135,44.0,1579,1579-04-12,102,kyoto.csv
kyoto,JP,Prunus x jamasakura,35.0119831,135.6761135,44.0,1580,1580-04-06,97,kyoto.csv
kyoto,JP,Prunus x jamasakura,35.0119831,135.6761135,44.0,1581,1581-04-15,105,kyoto.csv
kyoto,JP,Prunus x jamasakura,35.0119831,135.6761135,44.0,1583,1583-04-18,108,kyoto.csv
kyoto,JP,Prunus x jamasakura,35.0119831,135.6761135,44.0,1584,1584-04-15,106,kyoto.csv
kyoto,JP,Prunus x jamasakura,35.0119831,135.6761135,44.0,1585,1585-04-15,105,kyoto.csv
kyoto,JP,Prunus x jamasakura,35.0119831,135.6761135,44.0,1586,1586-04-16,106,kyoto.csv
kyoto,JP,Prunus x jamasakura,35.0119831,135.6761135,44.0,1587,1587-04-15,105,kyoto.csv
kyoto,JP,Prunus x jamasakura,35.0119831,135.6761135,44.0,1588,1588-04-15,106,kyoto.csv
kyoto,JP,Prunus x jamasakura,35.0119831,135.6761135,44.0,1589,1589-04-15,105,kyoto.csv
kyoto,JP,Prunus x jamasakura,35.0119831,135.6761135,44.0,1590,1590-04-12,102,kyoto.csv
kyoto,JP,Prunus x jamasakura,35.0119831,135.6761135,44.0,1591,1591-04-04,94,kyoto.csv
kyoto,JP,Prunus x jamasakura,35.0119831,135.6761135,44.0,1592,1592-04-07,98,kyoto.csv
kyoto,JP,Prunus x jamasakura,35.0119831,135.6761135,44.0,1593,1593-04-23,113,kyoto.csv
kyoto,JP,Prunus x jamasakura,35.0119831,135.6761135,44.0,1594,1594-04-03,93,kyoto.csv
kyoto,JP,Prunus x jamasakura,35.0119831,135.6761135,44.0,1595,1595-04-21,111,kyoto.csv
kyoto,JP,Prunus x jamasakura,35.0119831,135.6761135,44.0,1596,1596-04-13,104,kyoto.csv
kyoto,JP,Prunus x jamasakura,35.0119831,135.6761135,44.0,1597,1597-04-24,114,kyoto.csv
kyoto,JP,Prunus x jamasakura,35.0119831,135.6761135,44.0,1598,1598-04-20,110,kyoto.csv
kyoto,JP,Prunus x jamasakura,35.0119831,135.6761135,44.0,1599,1599-04-13,103,kyoto.csv
kyoto,JP,Prunus x jamasakura,35.0119831,135.6761135,44.0,1600,1600-04-10,101,kyoto.csv
kyoto,JP,Prunus x jamasakura,35.0119831,135.6761135,44.0,1601,1601-04-03,93,kyoto.csv
kyoto,JP,Prunus x jamasakura,35.0119831,135.6761135,44.0,1602,1602-04-17,107,kyoto.csv
kyoto,JP,Prunus x jamasakura,35.0119831,135.6761135,44.0,1603,1603-04-09,99,kyoto.csv
kyoto,JP,Prunus x jamasakura,35.0119831,135.6761135,44.0,1604,1604-04-04,95,kyoto.csv
kyoto,JP,Prunus x jamasakura,35.0119831,135.6761135,44.0,1605,1605-04-15,105,kyoto.csv
kyoto,JP,Prunus x jamasakura,35.0119831,135.6761135,44.0,1606,1606-04-16,106,kyoto.csv
kyoto,JP,Prunus x jamasakura,35.0119831,135.6761135,44.0,1607,1607-04-20,110,kyoto.csv
kyoto,JP,Prunus x jamasakura,35.0119831,135.6761135,44.0,1609,1609-04-18,108,kyoto.csv
kyoto,JP,Prunus x jamasakura,35.0119831,135.6761135,44.0,1610,1610-04-20,110,kyoto.csv
kyoto,JP,Prunus x jamasakura,35.0119831,135.6761135,44.0,1612,1612-03-27,87,kyoto.csv
kyoto,JP,Prunus x jamasakura,35.0119831,135.6761135,44.0,1613,1613-04-16,106,kyoto.csv
kyoto,JP,Prunus x jamasakura,35.0119831,135.6761135,44.0,1614,1614-04-13,103,kyoto.csv
kyoto,JP,Prunus x jamasakura,35.0119831,135.6761135,44.0,1615,1615-04-20,110,kyoto.csv
kyoto,JP,Prunus x jamasakura,35.0119831,135.6761135,44.0,1616,1616-05-01,122,kyoto.csv
kyoto,JP,Prunus x jamasakura,35.0119831,135.6761135,44.0,1617,1617-04-17,107,kyoto.csv
kyoto,JP,Prunus x jamasakura,35.0119831,135.6761135,44.0,1618,1618-04-12,102,kyoto.csv
kyoto,JP,Prunus x jamasakura,35.0119831,135.6761135,44.0,1619,1619-04-03,93,kyoto.csv
kyoto,JP,Prunus x jamasakura,35.0119831,135.6761135,44.0,1621,1621-04-19,109,kyoto.csv
kyoto,JP,Prunus x jamasakura,35.0119831,135.6761135,44.0,1622,1622-04-16,106,kyoto.csv
kyoto,JP,Prunus x jamasakura,35.0119831,135.6761135,44.0,1623,1623-04-23,113,kyoto.csv
kyoto,JP,Prunus x jamasakura,35.0119831,135.6761135,44.0,1624,1624-04-21,112,kyoto.csv
kyoto,JP,Prunus x jamasakura,35.0119831,135.6761135,44.0,1625,1625-04-05,95,kyoto.csv
kyoto,JP,Prunus x jamasakura,35.0119831,135.6761135,44.0,1626,1626-04-10,100,kyoto.csv
kyoto,JP,Prunus x jamasakura,35.0119831,135.6761135,44.0,1628,1628-04-13,104,kyoto.csv
kyoto,JP,Prunus x jamasakura,35.0119831,135.6761135,44.0,1629,1629-04-22,112,kyoto.csv
kyoto,JP,Prunus x jamasakura,35.0119831,135.6761135,44.0,1632,1632-04-13,104,kyoto.csv
kyoto,JP,Prunus x jamasakura,35.0119831,135.6761135,44.0,1633,1633-04-08,98,kyoto.csv
kyoto,JP,Prunus x jamasakura,35.0119831,135.6761135,44.0,1634,1634-04-06,96,kyoto.csv
kyoto,JP,Prunus x jamasakura,35.0119831,135.6761135,44.0,1635,1635-04-07,97,kyoto.csv
kyoto,JP,Prunus x jamasakura,35.0119831,135.6761135,44.0,1637,1637-04-15,105,kyoto.csv
kyoto,JP,Prunus x jamasakura,35.0119831,135.6761135,44.0,1638,1638-04-15,105,kyoto.csv
kyoto,JP,Prunus x jamasakura,35.0119831,135.6761135,44.0,1639,1639-04-18,108,kyoto.csv
kyoto,JP,Prunus x jamasakura,35.0119831,135.6761135,44.0,1640,1640-04-12,103,kyoto.csv
kyoto,JP,Prunus x jamasakura,35.0119831,135.6761135,44.0,1641,1641-04-27,117,kyoto.csv
kyoto,JP,Prunus x jamasakura,35.0119831,135.6761135,44.0,1642,1642-04-24,114,kyoto.csv
kyoto,JP,Prunus x jamasakura,35.0119831,135.6761135,44.0,1643,1643-04-24,114,kyoto.csv
kyoto,JP,Prunus x jamasakura,35.0119831,135.6761135,44.0,1644,1644-04-14,105,kyoto.csv
kyoto,JP,Prunus x jamasakura,35.0119831,135.6761135,44.0,1645,1645-04-09,99,kyoto.csv
kyoto,JP,Prunus x jamasakura,35.0119831,135.6761135,44.0,1646,1646-03-28,87,kyoto.csv
kyoto,JP,Prunus x jamasakura,35.0119831,135.6761135,44.0,1647,1647-04-22,112,kyoto.csv
kyoto,JP,Prunus x jamasakura,35.0119831,135.6761135,44.0,1649,1649-04-14,104,kyoto.csv
kyoto,JP,Prunus x jamasakura,35.0119831,135.6761135,44.0,1650,1650-04-12,102,kyoto.csv
kyoto,JP,Prunus x jamasakura,35.0119831,135.6761135,44.0,1651,1651-04-17,107,kyoto.csv
kyoto,JP,Prunus x jamasakura,35.0119831,135.6761135,44.0,1652,1652-04-16,107,kyoto.csv
kyoto,JP,Prunus x jamasakura,35.0119831,135.6761135,44.0,1653,1653-04-22,112,kyoto.csv
kyoto,JP,Prunus x jamasakura,35.0119831,135.6761135,44.0,1654,1654-04-14,104,kyoto.csv
kyoto,JP,Prunus x jamasakura,35.0119831,135.6761135,44.0,1655,1655-04-14,104,kyoto.csv
kyoto,JP,Prunus x jamasakura,35.0119831,135.6761135,44.0,1656,1656-04-12,103,kyoto.csv
kyoto,JP,Prunus x jamasakura,35.0119831,135.6761135,44.0,1658,1658-04-18,108,kyoto.csv
kyoto,JP,Prunus x jamasakura,35.0119831,135.6761135,44.0,1660,1660-04-20,111,kyoto.csv
kyoto,JP,Prunus x jamasakura,35.0119831,135.6761135,44.0,1661,1661-04-03,93,kyoto.csv
kyoto,JP,Prunus x jamasakura,35.0119831,135.6761135,44.0,1662,1662-04-20,110,kyoto.csv
kyoto,JP,Prunus x jamasakura,35.0119831,135.6761135,44.0,1663,1663-04-15,105,kyoto.csv
kyoto,JP,Prunus x jamasakura,35.0119831,135.6761135,44.0,1664,1664-04-14,105,kyoto.csv
kyoto,JP,Prunus x jamasakura,35.0119831,135.6761135,44.0,1665,1665-04-22,112,kyoto.csv
kyoto,JP,Prunus x jamasakura,35.0119831,135.6761135,44.0,1666,1666-04-18,108,kyoto.csv
kyoto,JP,Prunus x jamasakura,35.0119831,135.6761135,44.0,1667,1667-04-22,112,kyoto.csv
kyoto,JP,Prunus x jamasakura,35.0119831,135.6761135,44.0,1668,1668-04-19,110,kyoto.csv
kyoto,JP,Prunus x jamasakura,35.0119831,135.6761135,44.0,1669,1669-04-14,104,kyoto.csv
kyoto,JP,Prunus x jamasakura,35.0119831,135.6761135,44.0,1670,1670-04-12,102,kyoto.csv
kyoto,JP,Prunus x jamasakura,35.0119831,135.6761135,44.0,1671,1671-04-26,116,kyoto.csv
kyoto,JP,Prunus x jamasakura,35.0119831,135.6761135,44.0,1672,1672-04-21,112,kyoto.csv
kyoto,JP,Prunus x jamasakura,35.0119831,135.6761135,44.0,1673,1673-04-15,105,kyoto.csv
kyoto,JP,Prunus x jamasakura,35.0119831,135.6761135,44.0,1674,1674-04-25,115,kyoto.csv
kyoto,JP,Prunus x jamasakura,35.0119831,135.6761135,44.0,1675,1675-04-21,111,kyoto.csv
kyoto,JP,Prunus x jamasakura,35.0119831,135.6761135,44.0,1676,1676-04-12,103,kyoto.csv
kyoto,JP,Prunus x jamasakura,35.0119831,135.6761135,44.0,1677,1677-04-06,96,kyoto.csv
kyoto,JP,Prunus x jamasakura,35.0119831,135.6761135,44.0,1678,1678-04-19,109,kyoto.csv
kyoto,JP,Prunus x jamasakura,35.0119831,135.6761135,44.0,1679,1679-04-24,114,kyoto.csv
kyoto,JP,Prunus x jamasakura,35.0119831,135.6761135,44.0,1680,1680-04-18,109,kyoto.csv
kyoto,JP,Prunus x jamasakura,35.0119831,135.6761135,44.0,1681,1681-04-20,110,kyoto.csv
kyoto,JP,Prunus x jamasakura,35.0119831,135.6761135,44.0,1682,1682-04-14,104,kyoto.csv
kyoto,JP,Prunus x jamasakura,35.0119831,135.6761135,44.0,1683,1683-04-18,108,kyoto.csv
kyoto,JP,Prunus x jamasakura,35.0119831,135.6761135,44.0,1684,1684-04-27,118,kyoto.csv
kyoto,JP,Prunus x jamasakura,35.0119831,135.6761135,44.0,1685,1685-04-16,106,kyoto.csv
kyoto,JP,Prunus x jamasakura,35.0119831,135.6761135,44.0,1686,1686-04-14,104,kyoto.csv
kyoto,JP,Prunus x jamasakura,35.0119831,135.6761135,44.0,1687,1687-04-14,104,kyoto.csv
kyoto,JP,Prunus x jamasakura,35.0119831,135.6761135,44.0,1688,1688-04-23,114,kyoto.csv
kyoto,JP,Prunus x jamasakura,35.0119831,135.6761135,44.0,1689,1689-04-07,97,kyoto.csv
kyoto,JP,Prunus x jamasakura,35.0119831,135.6761135,44.0,1690,1690-04-03,93,kyoto.csv
kyoto,JP,Prunus x jamasakura,35.0119831,135.6761135,44.0,1691,1691-04-13,103,kyoto.csv
kyoto,JP,Prunus x jamasakura,35.0119831,135.6761135,44.0,1692,1692-04-18,109,kyoto.csv
kyoto,JP,Prunus x jamasakura,35.0119831,135.6761135,44.0,1693,1693-04-17,107,kyoto.csv
kyoto,JP,Prunus x jamasakura,35.0119831,135.6761135,44.0,1694,1694-04-19,109,kyoto.csv
kyoto,JP,Prunus x jamasakura,35.0119831,135.6761135,44.0,1695,1695-04-30,120,kyoto.csv
kyoto,JP,Prunus x jamasakura,35.0119831,135.6761135,44.0,1696,1696-04-23,114,kyoto.csv
kyoto,JP,Prunus x jamasakura,35.0119831,135.6761135,44.0,1697,1697-04-21,111,kyoto.csv
kyoto,JP,Prunus x jamasakura,35.0119831,135.6761135,44.0,1698,1698-04-11,101,kyoto.csv
kyoto,JP,Prunus x jamasakura,35.0119831,135.6761135,44.0,1699,1699-04-07,97,kyoto.csv
kyoto,JP,Prunus x jamasakura,35.0119831,135.6761135,44.0,1700,1700-04-26,116,kyoto.csv
kyoto,JP,Prunus x jamasakura,35.0119831,135.6761135,44.0,1701,1701-04-22,112,kyoto.csv
kyoto,JP,Prunus x jamasakura,35.0119831,135.6761135,44.0,1702,1702-04-26,116,kyoto.csv
kyoto,JP,Prunus x jamasakura,35.0119831,135.6761135,44.0,1703,1703-04-13,103,kyoto.csv
kyoto,JP,Prunus x jamasakura,35.0119831,135.6761135,44.0,1704,1704-04-22,113,kyoto.csv
kyoto,JP,Prunus x jamasakura,35.0119831,135.6761135,44.0,1705,1705-04-19,109,kyoto.csv
kyoto,JP,Prunus x jamasakura,35.0119831,135.6761135,44.0,1706,1706-04-25,115,kyoto.csv
kyoto,JP,Prunus x jamasakura,35.0119831,135.6761135,44.0,1707,1707-04-21,111,kyoto.csv
kyoto,JP,Prunus x jamasakura,35.0119831,135.6761135,44.0,1708,1708-04-12,103,kyoto.csv
kyoto,JP,Prunus x jamasakura,35.0119831,135.6761135,44.0,1709,1709-04-16,106,kyoto.csv
kyoto,JP,Prunus x jamasakura,35.0119831,135.6761135,44.0,1713,1713-04-14,104,kyoto.csv
kyoto,JP,Prunus x jamasakura,35.0119831,135.6761135,44.0,1714,1714-04-18,108,kyoto.csv
kyoto,JP,Prunus x jamasakura,35.0119831,135.6761135,44.0,1715,1715-04-17,107,kyoto.csv
kyoto,JP,Prunus x jamasakura,35.0119831,135.6761135,44.0,1716,1716-04-19,110,kyoto.csv
kyoto,JP,Prunus x jamasakura,35.0119831,135.6761135,44.0,1717,1717-04-08,98,kyoto.csv
kyoto,JP,Prunus x jamasakura,35.0119831,135.6761135,44.0,1718,1718-04-12,102,kyoto.csv
kyoto,JP,Prunus x jamasakura,35.0119831,135.6761135,44.0,1719,1719-04-12,102,kyoto.csv
kyoto,JP,Prunus x jamasakura,35.0119831,135.6761135,44.0,1720,1720-04-23,114,kyoto.csv
kyoto,JP,Prunus x jamasakura,35.0119831,135.6761135,44.0,1721,1721-04-05,95,kyoto.csv
kyoto,JP,Prunus x jamasakura,35.0119831,135.6761135,44.0,1722,1722-04-10,100,kyoto.csv
kyoto,JP,Prunus x jamasakura,35.0119831,135.6761135,44.0,1723,1723-04-14,104,kyoto.csv
kyoto,JP,Prunus x jamasakura,35.0119831,135.6761135,44.0,1724,1724-04-08,99,kyoto.csv
kyoto,JP,Prunus x jamasakura,35.0119831,135.6761135,44.0,1725,1725-04-16,106,kyoto.csv
kyoto,JP,Prunus x jamasakura,35.0119831,135.6761135,44.0,1726,1726-04-26,116,kyoto.csv
kyoto,JP,Prunus x jamasakura,35.0119831,135.6761135,44.0,1727,1727-04-22,112,kyoto.csv
kyoto,JP,Prunus x jamasakura,35.0119831,135.6761135,44.0,1728,1728-04-13,104,kyoto.csv
kyoto,JP,Prunus x jamasakura,35.0119831,135.6761135,44.0,1729,1729-04-15,105,kyoto.csv
kyoto,JP,Prunus x jamasakura,35.0119831,135.6761135,44.0,1731,1731-04-14,104,kyoto.csv
kyoto,JP,Prunus x jamasakura,35.0119831,135.6761135,44.0,1732,1732-04-17,108,kyoto.csv
kyoto,JP,Prunus x jamasakura,35.0119831,135.6761135,44.0,1733,1733-04-17,107,kyoto.csv
kyoto,JP,Prunus x jamasakura,35.0119831,135.6761135,44.0,1734,1734-04-12,102,kyoto.csv
kyoto,JP,Prunus x jamasakura,35.0119831,135.6761135,44.0,1735,1735-04-11,101,kyoto.csv
kyoto,JP,Prunus x jamasakura,35.0119831,135.6761135,44.0,1736,1736-04-15,106,kyoto.csv
kyoto,JP,Prunus x jamasakura,35.0119831,135.6761135,44.0,1737,1737-04-03,93,kyoto.csv
kyoto,JP,Prunus x jamasakura,35.0119831,135.6761135,44.0,1738,1738-04-11,101,kyoto.csv
kyoto,JP,Prunus x jamasakura,35.0119831,135.6761135,44.0,1739,1739-04-20,110,kyoto.csv
kyoto,JP,Prunus x jamasakura,35.0119831,135.6761135,44.0,1740,1740-04-24,115,kyoto.csv
kyoto,JP,Prunus x jamasakura,35.0119831,135.6761135,44.0,1741,1741-04-19,109,kyoto.csv
kyoto,JP,Prunus x jamasakura,35.0119831,135.6761135,44.0,1742,1742-04-19,109,kyoto.csv
kyoto,JP,Prunus x jamasakura,35.0119831,135.6761135,44.0,1743,1743-04-18,108,kyoto.csv
kyoto,JP,Prunus x jamasakura,35.0119831,135.6761135,44.0,1744,1744-04-07,98,kyoto.csv
kyoto,JP,Prunus x jamasakura,35.0119831,135.6761135,44.0,1745,1745-04-15,105,kyoto.csv
kyoto,JP,Prunus x jamasakura,35.0119831,135.6761135,44.0,1746,1746-04-20,110,kyoto.csv
kyoto,JP,Prunus x jamasakura,35.0119831,135.6761135,44.0,1747,1747-04-11,101,kyoto.csv
kyoto,JP,Prunus x jamasakura,35.0119831,135.6761135,44.0,1748,1748-04-05,96,kyoto.csv
kyoto,JP,Prunus x jamasakura,35.0119831,135.6761135,44.0,1749,1749-04-10,100,kyoto.csv
kyoto,JP,Prunus x jamasakura,35.0119831,135.6761135,44.0,1750,1750-04-20,110,kyoto.csv
kyoto,JP,Prunus x jamasakura,35.0119831,135.6761135,44.0,1751,1751-04-13,103,kyoto.csv
kyoto,JP,Prunus x jamasakura,35.0119831,135.6761135,44.0,1752,1752-04-19,110,kyoto.csv
kyoto,JP,Prunus x jamasakura,35.0119831,135.6761135,44.0,1753,1753-04-06,96,kyoto.csv
kyoto,JP,Prunus x jamasakura,35.0119831,135.6761135,44.0,1754,1754-04-25,115,kyoto.csv
kyoto,JP,Prunus x jamasakura,35.0119831,135.6761135,44.0,1755,1755-04-30,120,kyoto.csv
kyoto,JP,Prunus x jamasakura,35.0119831,135.6761135,44.0,1756,1756-04-18,109,kyoto.csv
kyoto,JP,Prunus x jamasakura,35.0119831,135.6761135,44.0,1757,1757-04-22,112,kyoto.csv
kyoto,JP,Prunus x jamasakura,35.0119831,135.6761135,44.0,1758,1758-04-11,101,kyoto.csv
kyoto,JP,Prunus x jamasakura,35.0119831,135.6761135,44.0,1759,1759-04-19,109,kyoto.csv
kyoto,JP,Prunus x jamasakura,35.0119831,135.6761135,44.0,1760,1760-04-12,103,kyoto.csv
kyoto,JP,Prunus x jamasakura,35.0119831,135.6761135,44.0,1761,1761-03-30,89,kyoto.csv
kyoto,JP,Prunus x jamasakura,35.0119831,135.6761135,44.0,1762,1762-04-16,106,kyoto.csv
kyoto,JP,Prunus x jamasakura,35.0119831,135.6761135,44.0,1763,1763-04-22,112,kyoto.csv
kyoto,JP,Prunus x jamasakura,35.0119831,135.6761135,44.0,1764,1764-04-07,98,kyoto.csv
kyoto,JP,Prunus x jamasakura,35.0119831,135.6761135,44.0,1765,1765-04-16,106,kyoto.csv
kyoto,JP,Prunus x jamasakura,35.0119831,135.6761135,44.0,1766,1766-04-23,113,kyoto.csv
kyoto,JP,Prunus x jamasakura,35.0119831,135.6761135,44.0,1767,1767-04-11,101,kyoto.csv
kyoto,JP,Prunus x jamasakura,35.0119831,135.6761135,44.0,1768,1768-04-26,117,kyoto.csv
kyoto,JP,Prunus x jamasakura,35.0119831,135.6761135,44.0,1769,1769-04-15,105,kyoto.csv
kyoto,JP,Prunus x jamasakura,35.0119831,135.6761135,44.0,1770,1770-04-15,105,kyoto.csv
kyoto,JP,Prunus x jamasakura,35.0119831,135.6761135,44.0,1771,1771-04-14,104,kyoto.csv
kyoto,JP,Prunus x jamasakura,35.0119831,135.6761135,44.0,1772,1772-04-15,106,kyoto.csv
kyoto,JP,Prunus x jamasakura,35.0119831,135.6761135,44.0,1773,1773-04-10,100,kyoto.csv
kyoto,JP,Prunus x jamasakura,35.0119831,135.6761135,44.0,1774,1774-04-20,110,kyoto.csv
kyoto,JP,Prunus x jamasakura,35.0119831,135.6761135,44.0,1775,1775-04-09,99,kyoto.csv
kyoto,JP,Prunus x jamasakura,35.0119831,135.6761135,44.0,1776,1776-04-17,108,kyoto.csv
kyoto,JP,Prunus x jamasakura,35.0119831,135.6761135,44.0,1777,1777-04-14,104,kyoto.csv
kyoto,JP,Prunus x jamasakura,35.0119831,135.6761135,44.0,1778,1778-04-21,111,kyoto.csv
kyoto,JP,Prunus x jamasakura,35.0119831,135.6761135,44.0,1779,1779-04-06,96,kyoto.csv
kyoto,JP,Prunus x jamasakura,35.0119831,135.6761135,44.0,1780,1780-04-18,109,kyoto.csv
kyoto,JP,Prunus x jamasakura,35.0119831,135.6761135,44.0,1781,1781-04-01,91,kyoto.csv
kyoto,JP,Prunus x jamasakura,35.0119831,135.6761135,44.0,1782,1782-04-19,109,kyoto.csv
kyoto,JP,Prunus x jamasakura,35.0119831,135.6761135,44.0,1783,1783-04-13,103,kyoto.csv
kyoto,JP,Prunus x jamasakura,35.0119831,135.6761135,44.0,1784,1784-04-14,105,kyoto.csv
kyoto,JP,Prunus x jamasakura,35.0119831,135.6761135,44.0,1785,1785-04-18,108,kyoto.csv
kyoto,JP,Prunus x jamasakura,35.0119831,135.6761135,44.0,1786,1786-04-16,106,kyoto.csv
kyoto,JP,Prunus x jamasakura,35.0119831,135.6761135,44.0,1787,1787-04-15,105,kyoto.csv
kyoto,JP,Prunus x jamasakura,35.0119831,135.6761135,44.0,1788,1788-04-18,109,kyoto.csv
kyoto,JP,Prunus x jamasakura,35.0119831,135.6761135,44.0,1789,1789-04-16,106,kyoto.csv
kyoto,JP,Prunus x jamasakura,35.0119831,135.6761135,44.0,1790,1790-04-29,119,kyoto.csv
kyoto,JP,Prunus x jamasakura,35.0119831,135.6761135,44.0,1791,1791-04-09,99,kyoto.csv
kyoto,JP,Prunus x jamasakura,35.0119831,135.6761135,44.0,1792,1792-04-10,101,kyoto.csv
kyoto,JP,Prunus x jamasakura,35.0119831,135.6761135,44.0,1793,1793-04-16,106,kyoto.csv
kyoto,JP,Prunus x jamasakura,35.0119831,135.6761135,44.0,1794,1794-04-14,104,kyoto.csv
kyoto,JP,Prunus x jamasakura,35.0119831,135.6761135,44.0,1795,1795-04-23,113,kyoto.csv
kyoto,JP,Prunus x jamasakura,35.0119831,135.6761135,44.0,1796,1796-04-12,103,kyoto.csv
kyoto,JP,Prunus x jamasakura,35.0119831,135.6761135,44.0,1797,1797-04-07,97,kyoto.csv
kyoto,JP,Prunus x jamasakura,35.0119831,135.6761135,44.0,1798,1798-04-20,110,kyoto.csv
kyoto,JP,Prunus x jamasakura,35.0119831,135.6761135,44.0,1799,1799-04-13,103,kyoto.csv
kyoto,JP,Prunus x jamasakura,35.0119831,135.6761135,44.0,1800,1800-04-13,103,kyoto.csv
kyoto,JP,Prunus x jamasakura,35.0119831,135.6761135,44.0,1801,1801-04-15,105,kyoto.csv
kyoto,JP,Prunus x jamasakura,35.0119831,135.6761135,44.0,1802,1802-04-06,96,kyoto.csv
kyoto,JP,Prunus x jamasakura,35.0119831,135.6761135,44.0,1803,1803-04-20,110,kyoto.csv
kyoto,JP,Prunus x jamasakura,35.0119831,135.6761135,44.0,1804,1804-04-13,104,kyoto.csv
kyoto,JP,Prunus x jamasakura,35.0119831,135.6761135,44.0,1805,1805-04-03,93,kyoto.csv
kyoto,JP,Prunus x jamasakura,35.0119831,135.6761135,44.0,1806,1806-04-24,114,kyoto.csv
kyoto,JP,Prunus x jamasakura,35.0119831,135.6761135,44.0,1807,1807-04-26,116,kyoto.csv
kyoto,JP,Prunus x jamasakura,35.0119831,135.6761135,44.0,1808,1808-04-07,98,kyoto.csv
kyoto,JP,Prunus x jamasakura,35.0119831,135.6761135,44.0,1809,1809-04-17,107,kyoto.csv
kyoto,JP,Prunus x jamasakura,35.0119831,135.6761135,44.0,1810,1810-04-10,100,kyoto.csv
kyoto,JP,Prunus x jamasakura,35.0119831,135.6761135,44.0,1811,1811-04-20,110,kyoto.csv
kyoto,JP,Prunus x jamasakura,35.0119831,135.6761135,44.0,1812,1812-04-29,120,kyoto.csv
kyoto,JP,Prunus x jamasakura,35.0119831,135.6761135,44.0,1813,1813-04-17,107,kyoto.csv
kyoto,JP,Prunus x jamasakura,35.0119831,135.6761135,44.0,1814,1814-04-23,113,kyoto.csv
kyoto,JP,Prunus x jamasakura,35.0119831,135.6761135,44.0,1815,1815-04-21,111,kyoto.csv
kyoto,JP,Prunus x jamasakura,35.0119831,135.6761135,44.0,1816,1816-04-12,103,kyoto.csv
kyoto,JP,Prunus x jamasakura,35.0119831,135.6761135,44.0,1817,1817-04-20,110,kyoto.csv
kyoto,JP,Prunus x jamasakura,35.0119831,135.6761135,44.0,1818,1818-04-16,106,kyoto.csv
kyoto,JP,Prunus x jamasakura,35.0119831,135.6761135,44.0,1819,1819-04-16,106,kyoto.csv
kyoto,JP,Prunus x jamasakura,35.0119831,135.6761135,44.0,1820,1820-04-04,95,kyoto.csv
kyoto,JP,Prunus x jamasakura,35.0119831,135.6761135,44.0,1821,1821-04-19,109,kyoto.csv
kyoto,JP,Prunus x jamasakura,35.0119831,135.6761135,44.0,1822,1822-04-12,102,kyoto.csv
kyoto,JP,Prunus x jamasakura,35.0119831,135.6761135,44.0,1823,1823-04-16,106,kyoto.csv
kyoto,JP,Prunus x jamasakura,35.0119831,135.6761135,44.0,1824,1824-04-17,108,kyoto.csv
kyoto,JP,Prunus x jamasakura,35.0119831,135.6761135,44.0,1825,1825-04-24,114,kyoto.csv
kyoto,JP,Prunus x jamasakura,35.0119831,135.6761135,44.0,1826,1826-04-19,109,kyoto.csv
kyoto,JP,Prunus x jamasakura,35.0119831,135.6761135,44.0,1827,1827-04-10,100,kyoto.csv
kyoto,JP,Prunus x jamasakura,35.0119831,135.6761135,44.0,1828,1828-04-22,113,kyoto.csv
kyoto,JP,Prunus x jamasakura,35.0119831,135.6761135,44.0,1829,1829-04-22,112,kyoto.csv
kyoto,JP,Prunus x jamasakura,35.0119831,135.6761135,44.0,1830,1830-04-15,105,kyoto.csv
kyoto,JP,Prunus x jamasakura,35.0119831,135.6761135,44.0,1831,1831-04-24,114,kyoto.csv
kyoto,JP,Prunus x jamasakura,35.0119831,135.6761135,44.0,1832,1832-04-22,113,kyoto.csv
kyoto,JP,Prunus x jamasakura,35.0119831,135.6761135,44.0,1833,1833-04-17,107,kyoto.csv
kyoto,JP,Prunus x jamasakura,35.0119831,135.6761135,44.0,1834,1834-04-21,111,kyoto.csv
kyoto,JP,Prunus x jamasakura,35.0119831,135.6761135,44.0,1835,1835-04-22,112,kyoto.csv
kyoto,JP,Prunus x jamasakura,35.0119831,135.6761135,44.0,1836,1836-04-21,112,kyoto.csv
kyoto,JP,Prunus x jamasakura,35.0119831,135.6761135,44.0,1837,1837-04-21,111,kyoto.csv
kyoto,JP,Prunus x jamasakura,35.0119831,135.6761135,44.0,1838,1838-04-19,109,kyoto.csv
kyoto,JP,Prunus x jamasakura,35.0119831,135.6761135,44.0,1839,1839-04-30,120,kyoto.csv
kyoto,JP,Prunus x jamasakura,35.0119831,135.6761135,44.0,1840,1840-04-14,105,kyoto.csv
kyoto,JP,Prunus x jamasakura,35.0119831,135.6761135,44.0,1841,1841-04-17,107,kyoto.csv
kyoto,JP,Prunus x jamasakura,35.0119831,135.6761135,44.0,1842,1842-04-06,96,kyoto.csv
kyoto,JP,Prunus x jamasakura,35.0119831,135.6761135,44.0,1843,1843-04-16,106,kyoto.csv
kyoto,JP,Prunus x jamasakura,35.0119831,135.6761135,44.0,1844,1844-04-15,106,kyoto.csv
kyoto,JP,Prunus x jamasakura,35.0119831,135.6761135,44.0,1845,1845-04-12,102,kyoto.csv
kyoto,JP,Prunus x jamasakura,35.0119831,135.6761135,44.0,1846,1846-04-08,98,kyoto.csv
kyoto,JP,Prunus x jamasakura,35.0119831,135.6761135,44.0,1847,1847-04-17,107,kyoto.csv
kyoto,JP,Prunus x jamasakura,35.0119831,135.6761135,44.0,1848,1848-04-11,102,kyoto.csv
kyoto,JP,Prunus x jamasakura,35.0119831,135.6761135,44.0,1849,1849-04-10,100,kyoto.csv
kyoto,JP,Prunus x jamasakura,35.0119831,135.6761135,44.0,1850,1850-04-19,109,kyoto.csv
kyoto,JP,Prunus x jamasakura,35.0119831,135.6761135,44.0,1851,1851-04-12,102,kyoto.csv
kyoto,JP,Prunus x jamasakura,35.0119831,135.6761135,44.0,1852,1852-04-22,113,kyoto.csv
kyoto,JP,Prunus x jamasakura,35.0119831,135.6761135,44.0,1853,1853-04-12,102,kyoto.csv
kyoto,JP,Prunus x jamasakura,35.0119831,135.6761135,44.0,1854,1854-04-12,102,kyoto.csv
kyoto,JP,Prunus x jamasakura,35.0119831,135.6761135,44.0,1855,1855-04-11,101,kyoto.csv
kyoto,JP,Prunus x jamasakura,35.0119831,135.6761135,44.0,1856,1856-04-20,111,kyoto.csv
kyoto,JP,Prunus x jamasakura,35.0119831,135.6761135,44.0,1857,1857-04-18,108,kyoto.csv
kyoto,JP,Prunus x jamasakura,35.0119831,135.6761135,44.0,1858,1858-04-14,104,kyoto.csv
kyoto,JP,Prunus x jamasakura,35.0119831,135.6761135,44.0,1859,1859-04-20,110,kyoto.csv
kyoto,JP,Prunus x jamasakura,35.0119831,135.6761135,44.0,1860,1860-04-22,113,kyoto.csv
kyoto,JP,Prunus x jamasakura,35.0119831,135.6761135,44.0,1861,1861-04-10,100,kyoto.csv
kyoto,JP,Prunus x jamasakura,35.0119831,135.6761135,44.0,1862,1862-04-27,117,kyoto.csv
kyoto,JP,Prunus x jamasakura,35.0119831,135.6761135,44.0,1863,1863-04-28,118,kyoto.csv
kyoto,JP,Prunus x jamasakura,35.0119831,135.6761135,44.0,1864,1864-04-14,105,kyoto.csv
kyoto,JP,Prunus x jamasakura,35.0119831,135.6761135,44.0,1865,1865-04-07,97,kyoto.csv
kyoto,JP,Prunus x jamasakura,35.0119831,135.6761135,44.0,1866,1866-04-12,102,kyoto.csv
kyoto,JP,Prunus x jamasakura,35.0119831,135.6761135,44.0,1867,1867-04-11,101,kyoto.csv
kyoto,JP,Prunus x jamasakura,35.0119831,135.6761135,44.0,1868,1868-04-13,104,kyoto.csv
kyoto,JP,Prunus x jamasakura,35.0119831,135.6761135,44.0,1869,1869-04-15,105,kyoto.csv
kyoto,JP,Prunus x jamasakura,35.0119831,135.6761135,44.0,1870,1870-04-09,99,kyoto.csv
kyoto,JP,Prunus x jamasakura,35.0119831,135.6761135,44.0,1871,1871-04-14,104,kyoto.csv
kyoto,JP,Prunus x jamasakura,35.0119831,135.6761135,44.0,1873,1873-04-14,104,kyoto.csv
kyoto,JP,Prunus x jamasakura,35.0119831,135.6761135,44.0,1874,1874-04-17,107,kyoto.csv
kyoto,JP,Prunus x jamasakura,35.0119831,135.6761135,44.0,1875,1875-04-13,103,kyoto.csv
kyoto,JP,Prunus x jamasakura,35.0119831,135.6761135,44.0,1876,1876-04-20,111,kyoto.csv
kyoto,JP,Prunus x jamasakura,35.0119831,135.6761135,44.0,1877,1877-04-14,104,kyoto.csv
kyoto,JP,Prunus x jamasakura,35.0119831,135.6761135,44.0,1878,1878-04-11,101,kyoto.csv
kyoto,JP,Prunus x jamasakura,35.0119831,135.6761135,44.0,1879,1879-04-12,102,kyoto.csv
kyoto,JP,Prunus x jamasakura,35.0119831,135.6761135,44.0,1880,1880-04-19,110,kyoto.csv
kyoto,JP,Prunus x jamasakura,35.0119831,135.6761135,44.0,1881,1881-04-22,112,kyoto.csv
kyoto,JP,Prunus x jamasakura,35.0119831,135.6761135,44.0,1882,1882-04-07,97,kyoto.csv
kyoto,JP,Prunus x jamasakura,35.0119831,135.6761135,44.0,1883,1883-04-17,107,kyoto.csv
kyoto,JP,Prunus x jamasakura,35.0119831,135.6761135,44.0,1884,1884-04-18,109,kyoto.csv
kyoto,JP,Prunus x jamasakura,35.0119831,135.6761135,44.0,1885,1885-04-23,113,kyoto.csv
kyoto,JP,Prunus x jamasakura,35.0119831,135.6761135,44.0,1886,1886-04-18,108,kyoto.csv
kyoto,JP,Prunus x jamasakura,35.0119831,135.6761135,44.0,1887,1887-04-19,109,kyoto.csv
kyoto,JP,Prunus x jamasakura,35.0119831,135.6761135,44.0,1888,1888-04-16,107,kyoto.csv
kyoto,JP,Prunus x jamasakura,35.0119831,135.6761135,44.0,1889,1889-04-19,109,kyoto.csv
kyoto,JP,Prunus x jamasakura,35.0119831,135.6761135,44.0,1890,1890-04-08,98,kyoto.csv
kyoto,JP,Prunus x jamasakura,35.0119831,135.6761135,44.0,1891,1891-04-09,99,kyoto.csv
kyoto,JP,Prunus x jamasakura,35.0119831,135.6761135,44.0,1892,1892-04-24,115,kyoto.csv
kyoto,JP,Prunus x jamasakura,35.0119831,135.6761135,44.0,1893,1893-04-19,109,kyoto.csv
kyoto,JP,Prunus x jamasakura,35.0119831,135.6761135,44.0,1894,1894-04-08,98,kyoto.csv
kyoto,JP,Prunus x jamasakura,35.0119831,135.6761135,44.0,1896,1896-04-15,106,kyoto.csv
kyoto,JP,Prunus x jamasakura,35.0119831,135.6761135,44.0,1897,1897-04-16,106,kyoto.csv
kyoto,JP,Prunus x jamasakura,35.0119831,135.6761135,44.0,1898,1898-04-18,108,kyoto.csv
kyoto,JP,Prunus x jamasakura,35.0119831,135.6761135,44.0,1899,1899-04-09,99,kyoto.csv
kyoto,JP,Prunus x jamasakura,35.0119831,135.6761135,44.0,1900,1900-04-12,102,kyoto.csv
kyoto,JP,Prunus x jamasakura,35.0119831,135.6761135,44.0,1901,1901-04-12,102,kyoto.csv
kyoto,JP,Prunus x jamasakura,35.0119831,135.6761135,44.0,1902,1902-04-08,98,kyoto.csv
kyoto,JP,Prunus x jamasakura,35.0119831,135.6761135,44.0,1903,1903-04-09,99,kyoto.csv
kyoto,JP,Prunus x jamasakura,35.0119831,135.6761135,44.0,1904,1904-04-17,108,kyoto.csv
kyoto,JP,Prunus x jamasakura,35.0119831,135.6761135,44.0,1905,1905-04-15,105,kyoto.csv
kyoto,JP,Prunus x jamasakura,35.0119831,135.6761135,44.0,1906,1906-04-15,105,kyoto.csv
kyoto,JP,Prunus x jamasakura,35.0119831,135.6761135,44.0,1907,1907-04-13,103,kyoto.csv
kyoto,JP,Prunus x jamasakura,35.0119831,135.6761135,44.0,1908,1908-04-11,102,kyoto.csv
kyoto,JP,Prunus x jamasakura,35.0119831,135.6761135,44.0,1909,1909-04-18,108,kyoto.csv
kyoto,JP,Prunus x jamasakura,35.0119831,135.6761135,44.0,1910,1910-04-14,104,kyoto.csv
kyoto,JP,Prunus x jamasakura,35.0119831,135.6761135,44.0,1911,1911-04-08,98,kyoto.csv
kyoto,JP,Prunus x jamasakura,35.0119831,135.6761135,44.0,1912,1912-04-14,105,kyoto.csv
kyoto,JP,Prunus x jamasakura,35.0119831,135.6761135,44.0,1913,1913-04-13,103,kyoto.csv
kyoto,JP,Prunus x jamasakura,35.0119831,135.6761135,44.0,1914,1914-04-12,102,kyoto.csv
kyoto,JP,Prunus x jamasakura,35.0119831,135.6761135,44.0,1915,1915-04-12,102,kyoto.csv
kyoto,JP,Prunus x jamasakura,35.0119831,135.6761135,44.0,1916,1916-04-21,112,kyoto.csv
kyoto,JP,Prunus x jamasakura,35.0119831,135.6761135,44.0,1917,1917-04-13,103,kyoto.csv
kyoto,JP,Prunus x jamasakura,35.0119831,135.6761135,44.0,1918,1918-04-14,104,kyoto.csv
kyoto,JP,Prunus x jamasakura,35.0119831,135.6761135,44.0,1920,1920-04-13,104,kyoto.csv
kyoto,JP,Prunus x jamasakura,35.0119831,135.6761135,44.0,1922,1922-04-11,101,kyoto.csv
kyoto,JP,Prunus x jamasakura,35.0119831,135.6761135,44.0,1923,1923-04-07,97,kyoto.csv
kyoto,JP,Prunus x jamasakura,35.0119831,135.6761135,44.0,1924,1924-04-20,111,kyoto.csv
kyoto,JP,Prunus x jamasakura,35.0119831,135.6761135,44.0,1925,1925-04-18,108,kyoto.csv
kyoto,JP,Prunus x jamasakura,35.0119831,135.6761135,44.0,1926,1926-04-18,108,kyoto.csv
kyoto,JP,Prunus x jamasakura,35.0119831,135.6761135,44.0,1927,1927-04-17,107,kyoto.csv
kyoto,JP,Prunus x jamasakura,35.0119831,135.6761135,44.0,1928,1928-04-16,107,kyoto.csv
kyoto,JP,Prunus x jamasakura,35.0119831,135.6761135,44.0,1929,1929-04-13,103,kyoto.csv
kyoto,JP,Prunus x jamasakura,35.0119831,135.6761135,44.0,1930,1930-04-05,95,kyoto.csv
kyoto,JP,Prunus x jamasakura,35.0119831,135.6761135,44.0,1931,1931-04-15,105,kyoto.csv
kyoto,JP,Prunus x jamasakura,35.0119831,135.6761135,44.0,1932,1932-04-14,105,kyoto.csv
kyoto,JP,Prunus x jamasakura,35.0119831,135.6761135,44.0,1933,1933-04-16,106,kyoto.csv
kyoto,JP,Prunus x jamasakura,35.0119831,135.6761135,44.0,1934,1934-04-14,104,kyoto.csv
kyoto,JP,Prunus x jamasakura,35.0119831,135.6761135,44.0,1935,1935-04-12,102,kyoto.csv
kyoto,JP,Prunus x jamasakura,35.0119831,135.6761135,44.0,1936,1936-04-20,111,kyoto.csv
kyoto,JP,Prunus x jamasakura,35.0119831,135.6761135,44.0,1937,1937-04-10,100,kyoto.csv
kyoto,JP,Prunus x jamasakura,35.0119831,135.6761135,44.0,1938,1938-04-08,98,kyoto.csv
kyoto,JP,Prunus x jamasakura,35.0119831,135.6761135,44.0,1939,1939-04-14,104,kyoto.csv
kyoto,JP,Prunus x jamasakura,35.0119831,135.6761135,44.0,1940,1940-04-19,110,kyoto.csv
kyoto,JP,Prunus x jamasakura,35.0119831,135.6761135,44.0,1941,1941-04-10,100,kyoto.csv
kyoto,JP,Prunus x jamasakura,35.0119831,135.6761135,44.0,1942,1942-04-06,96,kyoto.csv
kyoto,JP,Prunus x jamasakura,35.0119831,135.6761135,44.0,1943,1943-04-11,101,kyoto.csv
kyoto,JP,Prunus x jamasakura,35.0119831,135.6761135,44.0,1944,1944-04-09,100,kyoto.csv
kyoto,JP,Prunus x jamasakura,35.0119831,135.6761135,44.0,1946,1946-04-07,97,kyoto.csv
kyoto,JP,Prunus x jamasakura,35.0119831,135.6761135,44.0,1947,1947-04-17,107,kyoto.csv
kyoto,JP,Prunus x jamasakura,35.0119831,135.6761135,44.0,1948,1948-04-11,102,kyoto.csv
kyoto,JP,Prunus x jamasakura,35.0119831,135.6761135,44.0,1949,1949-04-17,107,kyoto.csv
kyoto,JP,Prunus x jamasakura,35.0119831,135.6761135,44.0,1950,1950-04-09,99,kyoto.csv
kyoto,JP,Prunus x jamasakura,35.0119831,135.6761135,44.0,1951,1951-04-08,98,kyoto.csv
kyoto,JP,Prunus x jamasakura,35.0119831,135.6761135,44.0,1952,1952-04-14,105,kyoto.csv
kyoto,JP,Prunus x jamasakura,35.0119831,135.6761135,44.0,1953,1953-04-11,101,kyoto.csv
kyoto,JP,Prunus x jamasakura,35.0119831,135.6761135,44.0,1954,1954-04-08,98,kyoto.csv
kyoto,JP,Prunus x jamasakura,35.0119831,135.6761135,44.0,1955,1955-04-07,97,kyoto.csv
kyoto,JP,Prunus x jamasakura,35.0119831,135.6761135,44.0,1956,1956-04-08,99,kyoto.csv
kyoto,JP,Prunus x jamasakura,35.0119831,135.6761135,44.0,1957,1957-04-13,103,kyoto.csv
kyoto,JP,Prunus x jamasakura,35.0119831,135.6761135,44.0,1958,1958-04-09,99,kyoto.csv
kyoto,JP,Prunus x jamasakura,35.0119831,135.6761135,44.0,1959,1959-04-02,92,kyoto.csv
kyoto,JP,Prunus x jamasakura,35.0119831,135.6761135,44.0,1960,1960-04-04,95,kyoto.csv
kyoto,JP,Prunus x jamasakura,35.0119831,135.6761135,44.0,1961,1961-04-09,99,kyoto.csv
kyoto,JP,Prunus x jamasakura,35.0119831,135.6761135,44.0,1962,1962-04-12,102,kyoto.csv
kyoto,JP,Prunus x jamasakura,35.0119831,135.6761135,44.0,1963,1963-04-11,101,kyoto.csv
kyoto,JP,Prunus x jamasakura,35.0119831,135.6761135,44.0,1964,1964-04-08,99,kyoto.csv
kyoto,JP,Prunus x jamasakura,35.0119831,135.6761135,44.0,1965,1965-04-20,110,kyoto.csv
kyoto,JP,Prunus x jamasakura,35.0119831,135.6761135,44.0,1966,1966-04-07,97,kyoto.csv
kyoto,JP,Prunus x jamasakura,35.0119831,135.6761135,44.0,1967,1967-04-07,97,kyoto.csv
kyoto,JP,Prunus x jamasakura,35.0119831,135.6761135,44.0,1968,1968-04-08,99,kyoto.csv
kyoto,JP,Prunus x jamasakura,35.0119831,135.6761135,44.0,1969,1969-04-11,101,kyoto.csv
kyoto,JP,Prunus x jamasakura,35.0119831,135.6761135,44.0,1970,1970-04-17,107,kyoto.csv
kyoto,JP,Prunus x jamasakura,35.0119831,135.6761135,44.0,1971,1971-04-08,98,kyoto.csv
kyoto,JP,Prunus x jamasakura,35.0119831,135.6761135,44.0,1972,1972-04-08,99,kyoto.csv
kyoto,JP,Prunus x jamasakura,35.0119831,135.6761135,44.0,1973,1973-04-07,97,kyoto.csv
kyoto,JP,Prunus x jamasakura,35.0119831,135.6761135,44.0,1974,1974-04-09,99,kyoto.csv
kyoto,JP,Prunus x jamasakura,35.0119831,135.6761135,44.0,1975,1975-04-10,100,kyoto.csv
kyoto,JP,Prunus x jamasakura,35.0119831,135.6761135,44.0,1976,1976-04-08,99,kyoto.csv
kyoto,JP,Prunus x jamasakura,35.0119831,135.6761135,44.0,1977,1977-04-03,93,kyoto.csv
kyoto,JP,Prunus x jamasakura,35.0119831,135.6761135,44.0,1978,1978-04-14,104,kyoto.csv
kyoto,JP,Prunus x jamasakura,35.0119831,135.6761135,44.0,1979,1979-04-07,97,kyoto.csv
kyoto,JP,Prunus x jamasakura,35.0119831,135.6761135,44.0,1980,1980-04-11,102,kyoto.csv
kyoto,JP,Prunus x jamasakura,35.0119831,135.6761135,44.0,1981,1981-04-09,99,kyoto.csv
kyoto,JP,Prunus x jamasakura,35.0119831,135.6761135,44.0,1982,1982-04-03,93,kyoto.csv
kyoto,JP,Prunus x jamasakura,35.0119831,135.6761135,44.0,1983,1983-04-09,99,kyoto.csv
kyoto,JP,Prunus x jamasakura,35.0119831,135.6761135,44.0,1984,1984-04-18,109,kyoto.csv
kyoto,JP,Prunus x jamasakura,35.0119831,135.6761135,44.0,1985,1985-04-09,99,kyoto.csv
kyoto,JP,Prunus x jamasakura,35.0119831,135.6761135,44.0,1986,1986-04-12,102,kyoto.csv
kyoto,JP,Prunus x jamasakura,35.0119831,135.6761135,44.0,1987,1987-04-05,95,kyoto.csv
kyoto,JP,Prunus x jamasakura,35.0119831,135.6761135,44.0,1988,1988-04-15,106,kyoto.csv
kyoto,JP,Prunus x jamasakura,35.0119831,135.6761135,44.0,1989,1989-04-03,93,kyoto.csv
kyoto,JP,Prunus x jamasakura,35.0119831,135.6761135,44.0,1990,1990-03-29,88,kyoto.csv
kyoto,JP,Prunus x jamasakura,35.0119831,135.6761135,44.0,1991,1991-04-07,97,kyoto.csv
kyoto,JP,Prunus x jamasakura,35.0119831,135.6761135,44.0,1992,1992-04-03,94,kyoto.csv
kyoto,JP,Prunus x jamasakura,35.0119831,135.6761135,44.0,1993,1993-04-07,97,kyoto.csv
kyoto,JP,Prunus x jamasakura,35.0119831,135.6761135,44.0,1994,1994-04-09,99,kyoto.csv
kyoto,JP,Prunus x jamasakura,35.0119831,135.6761135,44.0,1995,1995-04-09,99,kyoto.csv
kyoto,JP,Prunus x jamasakura,35.0119831,135.6761135,44.0,1996,1996-04-12,103,kyoto.csv
kyoto,JP,Prunus x jamasakura,35.0119831,135.6761135,44.0,1997,1997-04-07,97,kyoto.csv
kyoto,JP,Prunus x jamasakura,35.0119831,135.6761135,44.0,1998,1998-04-01,91,kyoto.csv
kyoto,JP,Prunus x jamasakura,35.0119831,135.6761135,44.0,1999,1999-04-04,94,kyoto.csv
kyoto,JP,Prunus x jamasakura,35.0119831,135.6761135,44.0,2000,2000-04-09,100,kyoto.csv
kyoto,JP,Prunus x jamasakura,35.0119831,135.6761135,44.0,2001,2001-04-06,96,kyoto.csv
kyoto,JP,Prunus x jamasakura,35.0119831,135.6761135,44.0,2002,2002-04-01,91,kyoto.csv
kyoto,JP,Prunus x jamasakura,35.0119831,135.6761135,44.0,2003,2003-04-08,98,kyoto.csv
kyoto,JP,Prunus x jamasakura,35.0119831,135.6761135,44.0,2004,2004-04-01,92,kyoto.csv
kyoto,JP,Prunus x jamasakura,35.0119831,135.6761135,44.0,2005,2005-04-09,99,kyoto.csv
kyoto,JP,Prunus x jamasakura,35.0119831,135.6761135,44.0,2006,2006-04-08,98,kyoto.csv
kyoto,JP,Prunus x jamasakura,35.0119831,135.6761135,44.0,2007,2007-04-07,97,kyoto.csv
kyoto,JP,Prunus x jamasakura,35.0119831,135.6761135,44.0,2008,2008-04-04,95,kyoto.csv
kyoto,JP,Prunus x jamasakura,35.0119831,135.6761135,44.0,2009,2009-04-05,95,kyoto.csv
kyoto,JP,Prunus x jamasakura,35.0119831,135.6761135,44.0,2010,2010-04-05,95,kyoto.csv
kyoto,JP,Prunus x jamasakura,35.0119831,135.6761135,44.0,2011,2011-04-09,99,kyoto.csv
kyoto,JP,Prunus x jamasakura,35.0119831,135.6761135,44.0,2012,2012-04-10,101,kyoto.csv
kyoto,JP,Prunus x jamasakura,35.0119831,135.6761135,44.0,2013,2013-04-03,93,kyoto.csv
kyoto,JP,Prunus x jamasakura,35.0119831,135.6761135,44.0,2014,2014-04-04,94,kyoto.csv
kyoto,JP,Prunus x jamasakura,35.0119831,135.6761135,44.0,2015,2015-04-03,93,kyoto.csv
kyoto,JP,Prunus x jamasakura,35.0119831,135.6761135,44.0,2016,2016-04-04,95,kyoto.csv
kyoto,JP,Prunus x jamasakura,35.0119831,135.6761135,44.0,2017,2017-04-09,99,kyoto.csv
kyoto,JP,Prunus x jamasakura,35.0119831,135.6761135,44.0,2018,2018-03-30,89,kyoto.csv
kyoto,JP,Prunus x jamasakura,35.0119831,135.6761135,44.0,2019,2019-04-05,95,kyoto.csv
kyoto,JP,Prunus x jamasakura,35.0119831,135.6761135,44.0,2020,2020-04-01,92,kyoto.csv
kyoto,JP,Prunus x jamasakura,35.0119831,135.6761135,44.0,2021,2021-03-26,85,kyoto.csv
kyoto,JP,Prunus x jamasakura,35.0119831,135.6761135,44.0,2022,2022-04-01,91,kyoto.csv
kyoto,JP,Prunus x jamasakura,35.0119831,135.6761135,44.0,2023,2023-03-25,84,kyoto.csv
kyoto,JP,Prunus x jamasakura,35.0119831,135.6761135,44.0,2024,2024-04-04,95,kyoto.csv
kyoto,JP,Prunus x jamasakura,35.0119831,135.6761135,44.0,2025,2025-04-04,94,kyoto.csv
newyorkcity,US,Prunus x yedoensis,40.7304,-73.99809,8.5,2024,2024-03-28,88,nyc.csv
newyorkcity,US,Prunus x yedoensis,40.7304,-73.99809,8.5,2025,2025-04-04,94,nyc.csv
washingtondc,US,Prunus x yedoensis,38.8853496,-77.0386278,0.0,1921,1921-03-20,79,washingtondc.csv
washingtondc,US,Prunus x yedoensis,38.8853496,-77.0386278,0.0,1922,1922-04-07,97,washingtondc.csv
washingtondc,US,Prunus x yedoensis,38.8853496,-77.0386278,0.0,1923,1923-04-09,99,washingtondc.csv
washingtondc,US,Prunus x yedoensis,38.8853496,-77.0386278,0.0,1924,1924-04-13,104,washingtondc.csv
washingtondc,US,Prunus x yedoensis,38.8853496,-77.0386278,0.0,1925,1925-03-27,86,washingtondc.csv
washingtondc,US,Prunus x yedoensis,38.8853496,-77.0386278,0.0,1926,1926-04-11,101,washingtondc.csv
washingtondc,US,Prunus x yedoensis,38.8853496,-77.0386278,0.0,1927,1927-03-20,79,washingtondc.csv
washingtondc,US,Prunus x yedoensis,38.8853496,-77.0386278,0.0,1928,1928-04-08,99,washingtondc.csv
washingtondc,US,Prunus x yedoensis,38.8853496,-77.0386278,0.0,1929,1929-03-31,90,washingtondc.csv
washingtondc,US,Prunus x yedoensis,38.8853496,-77.0386278,0.0,1930,1930-04-01,91,washingtondc.csv
washingtondc,US,Prunus x yedoensis,38.8853496,-77.0386278,0.0,1931,1931-04-11,101,washingtondc.csv
washingtondc,US,Prunus x yedoensis,38.8853496,-77.0386278,0.0,1932,1932-04-15,106,washingtondc.csv
washingtondc,US,Prunus x yedoensis,38.8853496,-77.0386278,0.0,1933,1933-04-09,99,washingtondc.csv
washingtondc,US,Prunus x yedoensis,38.8853496,-77.0386278,0.0,1934,1934-04-15,105,washingtondc.csv
washingtondc,US,Prunus x yedoensis,38.8853496,-77.0386278,0.0,1935,1935-04-01,91,washingtondc.csv
washingtondc,US,Prunus x yedoensis,38.8853496,-77.0386278,0.0,1936,1936-04-07,98,washingtondc.csv
washingtondc,US,Prunus x yedoensis,38.8853496,-77.0386278,0.0,1937,1937-04-14,104,washingtondc.csv
washingtondc,US,Prunus x yedoensis,38.8853496,-77.0386278,0.0,1938,1938-03-25,84,washingtondc.csv
washingtondc,US,Prunus x yedoensis,38.8853496,-77.0386278,0.0,1939,1939-03-30,89,washingtondc.csv
washingtondc,US,Prunus x yedoensis,38.8853496,-77.0386278,0.0,1940,1940-04-13,104,washingtondc.csv
washingtondc,US,Prunus x yedoensis,38.8853496,-77.0386278,0.0,1941,1941-04-12,102,washingtondc.csv
washingtondc,US,Prunus x yedoensis,38.8853496,-77.0386278,0.0,1942,1942-04-05,95,washingtondc.csv
washingtondc,US,Prunus x yedoensis,38.8853496,-77.0386278,0.0,1943,1943-04-04,94,washingtondc.csv
washingtondc,US,Prunus x yedoensis,38.8853496,-77.0386278,0.0,1944,1944-04-09,100,washingtondc.csv
washingtondc,US,Prunus x yedoensis,38.8853496,-77.0386278,0.0,1945,1945-03-20,79,washingtondc.csv
washingtondc,US,Prunus x yedoensis,38.8853496,-77.0386278,0.0,1946,1946-03-23,82,washingtondc.csv
washingtondc,US,Prunus x yedoensis,38.8853496,-77.0386278,0.0,1947,1947-04-12,102,washingtondc.csv
washingtondc,US,Prunus x yedoensis,38.8853496,-77.0386278,0.0,1948,1948-03-28,88,washingtondc.csv
washingtondc,US,Prunus x yedoensis,38.8853496,-77.0386278,0.0,1949,1949-03-29,88,washingtondc.csv
washingtondc,US,Prunus x yedoensis,38.8853496,-77.0386278,0.0,1950,1950-04-09,99,washingtondc.csv
washingtondc,US,Prunus x yedoensis,38.8853496,-77.0386278,0.0,1951,1951-04-06,96,washingtondc.csv
washingtondc,US,Prunus x yedoensis,38.8853496,-77.0386278,0.0,1952,1952-04-09,100,washingtondc.csv
washingtondc,US,Prunus x yedoensis,38.8853496,-77.0386278,0.0,1953,1953-03-27,86,washingtondc.csv
washingtondc,US,Prunus x yedoensis,38.8853496,-77.0386278,0.0,1954,1954-04-06,96,washingtondc.csv
washingtondc,US,Prunus x yedoensis,38.8853496,-77.0386278,0.0,1955,1955-04-02,92,washingtondc.csv
washingtondc,US,Prunus x yedoensis,38.8853496,-77.0386278,0.0,1956,1956-04-06,97,washingtondc.csv
washingtondc,US,Prunus x yedoensis,38.8853496,-77.0386278,0.0,1957,1957-04-08,98,washingtondc.csv
washingtondc,US,Prunus x yedoensis,38.8853496,-77.0386278,0.0,1958,1958-04-18,108,washingtondc.csv
washingtondc,US,Prunus x yedoensis,38.8853496,-77.0386278,0.0,1959,1959-04-06,96,washingtondc.csv
washingtondc,US,Prunus x yedoensis,38.8853496,-77.0386278,0.0,1960,1960-04-14,105,washingtondc.csv
washingtondc,US,Prunus x yedoensis,38.8853496,-77.0386278,0.0,1961,1961-04-02,92,washingtondc.csv
washingtondc,US,Prunus x yedoensis,38.8853496,-77.0386278,0.0,1962,1962-04-07,97,washingtondc.csv
washingtondc,US,Prunus x yedoensis,38.8853496,-77.0386278,0.0,1963,1963-04-03,93,washingtondc.csv
washingtondc,US,Prunus x yedoensis,38.8853496,-77.0386278,0.0,1964,1964-04-11,102,washingtondc.csv
washingtondc,US,Prunus x yedoensis,38.8853496,-77.0386278,0.0,1965,1965-04-15,105,washingtondc.csv
washingtondc,US,Prunus x yedoensis,38.8853496,-77.0386278,0.0,1966,1966-04-05,95,washingtondc.csv
washingtondc,US,Prunus x yedoensis,38.8853496,-77.0386278,0.0,1967,1967-04-06,96,washingtondc.csv
washingtondc,US,Prunus x yedoensis,38.8853496,-77.0386278,0.0,1968,1968-03-30,90,washingtondc.csv
washingtondc,US,Prunus x yedoensis,38.8853496,-77.0386278,0.0,1969,1969-04-09,99,washingtondc.csv
washingtondc,US,Prunus x yedoensis,38.8853496,-77.0386278,0.0,1970,1970-04-16,106,washingtondc.csv
washingtondc,US,Prunus x yedoensis,38.8853496,-77.0386278,0.0,1971,1971-04-08,98,washingtondc.csv
washingtondc,US,Prunus x yedoensis,38.8853496,-77.0386278,0.0,1972,1972-04-11,102,washingtondc.csv
washingtondc,US,Prunus x yedoensis,38.8853496,-77.0386278,0.0,1973,1973-04-11,101,washingtondc.csv
washingtondc,US,Prunus x yedoensis,38.8853496,-77.0386278,0.0,1974,1974-04-03,93,washingtondc.csv
washingtondc,US,Prunus x yedoensis,38.8853496,-77.0386278,0.0,1975,1975-04-03,93,washingtondc.csv
washingtondc,US,Prunus x yedoensis,38.8853496,-77.0386278,0.0,1976,1976-03-23,83,washingtondc.csv
washingtondc,US,Prunus x yedoensis,38.8853496,-77.0386278,0.0,1977,1977-03-26,85,washingtondc.csv
washingtondc,US,Prunus x yedoensis,38.8853496,-77.0386278,0.0,1978,1978-04-12,102,washingtondc.csv
washingtondc,US,Prunus x yedoensis,38.8853496,-77.0386278,0.0,1979,1979-04-02,92,washingtondc.csv
washingtondc,US,Prunus x yedoensis,38.8853496,-77.0386278,0.0,1980,1980-04-06,97,washingtondc.csv
washingtondc,US,Prunus x yedoensis,38.8853496,-77.0386278,0.0,1981,1981-04-03,93,washingtondc.csv
washingtondc,US,Prunus x yedoensis,38.8853496,-77.0386278,0.0,1982,1982-04-07,97,washingtondc.csv
washingtondc,US,Prunus x yedoensis,38.8853496,-77.0386278,0.0,1983,1983-04-07,97,washingtondc.csv
washingtondc,US,Prunus x yedoensis,38.8853496,-77.0386278,0.0,1984,1984-04-03,94,washingtondc.csv
washingtondc,US,Prunus x yedoensis,38.8853496,-77.0386278,0.0,1985,1985-04-07,97,washingtondc.csv
washingtondc,US,Prunus x yedoensis,38.8853496,-77.0386278,0.0,1986,1986-04-02,92,washingtondc.csv
washingtondc,US,Prunus x yedoensis,38.8853496,-77.0386278,0.0,1987,1987-03-28,87,washingtondc.csv
washingtondc,US,Prunus x yedoensis,38.8853496,-77.0386278,0.0,1988,1988-03-31,91,washingtondc.csv
washingtondc,US,Prunus x yedoensis,38.8853496,-77.0386278,0.0,1989,1989-03-29,88,washingtondc.csv
washingtondc,US,Prunus x yedoensis,38.8853496,-77.0386278,0.0,1990,1990-03-15,74,washingtondc.csv
washingtondc,US,Prunus x yedoensis,38.8853496,-77.0386278,0.0,1991,1991-03-29,88,washingtondc.csv
washingtondc,US,Prunus x yedoensis,38.8853496,-77.0386278,0.0,1992,1992-04-07,98,washingtondc.csv
washingtondc,US,Prunus x yedoensis,38.8853496,-77.0386278,0.0,1993,1993-04-11,101,washingtondc.csv
washingtondc,US,Prunus x yedoensis,38.8853496,-77.0386278,0.0,1994,1994-04-05,95,washingtondc.csv
washingtondc,US,Prunus x yedoensis,38.8853496,-77.0386278,0.0,1995,1995-04-02,92,washingtondc.csv
washingtondc,US,Prunus x yedoensis,38.8853496,-77.0386278,0.0,1996,1996-04-04,95,washingtondc.csv
washingtondc,US,Prunus x yedoensis,38.8853496,-77.0386278,0.0,1997,1997-03-26,85,washingtondc.csv
washingtondc,US,Prunus x yedoensis,38.8853496,-77.0386278,0.0,1998,1998-03-27,86,washingtondc.csv
washingtondc,US,Prunus x yedoensis,38.8853496,-77.0386278,0.0,1999,1999-04-05,95,washingtondc.csv
washingtondc,US,Prunus x yedoensis,38.8853496,-77.0386278,0.0,2000,2000-03-17,77,washingtondc.csv
washingtondc,US,Prunus x yedoensis,38.8853496,-77.0386278,0.0,2001,2001-04-06,96,washingtondc.csv
washingtondc,US,Prunus x yedoensis,38.8853496,-77.0386278,0.0,2002,2002-04-02,92,washingtondc.csv
washingtondc,US,Prunus x yedoensis,38.8853496,-77.0386278,0.0,2003,2003-04-02,92,washingtondc.csv
washingtondc,US,Prunus x yedoensis,38.8853496,-77.0386278,0.0,2004,2004-03-31,91,washingtondc.csv
washingtondc,US,Prunus x yedoensis,38.8853496,-77.0386278,0.0,2005,2005-04-09,99,washingtondc.csv
washingtondc,US,Prunus x yedoensis,38.8853496,-77.0386278,0.0,2006,2006-03-30,89,washingtondc.csv
washingtondc,US,Prunus x yedoensis,38.8853496,-77.0386278,0.0,2007,2007-04-01,91,washingtondc.csv
washingtondc,US,Prunus x yedoensis,38.8853496,-77.0386278,0.0,2008,2008-03-26,86,washingtondc.csv
washingtondc,US,Prunus x yedoensis,38.8853496,-77.0386278,0.0,2009,2009-04-01,91,washingtondc.csv
washingtondc,US,Prunus x yedoensis,38.8853496,-77.0386278,0.0,2010,2010-03-31,90,washingtondc.csv
washingtondc,US,Prunus x yedoensis,38.8853496,-77.0386278,0.0,2011,2011-03-29,88,washingtondc.csv
washingtondc,US,Prunus x yedoensis,38.8853496,-77.0386278,0.0,2012,2012-03-20,80,washingtondc.csv
washingtondc,US,Prunus x yedoensis,38.8853496,-77.0386278,0.0,2013,2013-04-09,99,washingtondc.csv
washingtondc,US,Prunus x yedoensis,38.8853496,-77.0386278,0.0,2014,2014-04-10,100,washingtondc.csv
washingtondc,US,Prunus x yedoensis,38.8853496,-77.0386278,0.0,2015,2015-04-10,100,washingtondc.csv
washingtondc,US,Prunus x yedoensis,38.8853496,-77.0386278,0.0,2016,2016-03-25,85,washingtondc.csv
washingtondc,US,Prunus x yedoensis,38.8853496,-77.0386278,0.0,2017,2017-03-25,84,washingtondc.csv
washingtondc,US,Prunus x yedoensis,38.8853496,-77.0386278,0.0,2018,2018-04-05,95,washingtondc.csv
washingtondc,US,Prunus x yedoensis,38.8853496,-77.0386278,0.0,2019,2019-04-01,91,washingtondc.csv
washingtondc,US,Prunus x yedoensis,38.8853496,-77.0386278,0.0,2020,2020-03-20,80,washingtondc.csv
washingtondc,US,Prunus x yedoensis,38.8853496,-77.0386278,0.0,2021,2021-03-28,87,washingtondc.csv
washingtondc,US,Prunus x yedoensis,38.8853496,-77.0386278,0.0,2022,2022-03-21,80,washingtondc.csv
washingtondc,US,Prunus x yedoensis,38.8853496,-77.0386278,0.0,2023,2023-03-23,82,washingtondc.csv
washingtondc,US,Prunus x yedoensis,38.8853496,-77.0386278,0.0,2024,2024-03-17,77,washingtondc.csv
washingtondc,US,Prunus x yedoensis,38.8853496,-77.0386278,0.0,2025,2025-03-28,87,washingtondc.csv
